ID,TARGET
16635,1
16636,0
16637,0
16638,0
16639,0
16640,0
16641,1
16642,0
16643,0
16644,0
16645,0
16646,0
16647,0
16648,1
16649,0
16650,0
16651,1
16652,0
16653,1
16654,0
16655,0
16656,1
16657,0
16658,0
16659,0
16660,0
16661,0
16662,1
16663,0
16664,0
16665,0
16666,1
16667,1
16668,0
16669,0
16670,0
16671,0
16672,0
16673,0
16674,0
16675,0
16676,0
16677,0
16678,0
16679,1
16680,0
16681,0
16682,0
16683,0
16684,0
16685,1
16686,0
16687,0
16688,1
16689,0
16690,0
16691,0
16692,0
16693,0
16694,0
16695,0
16696,1
16697,0
16698,0
16699,1
16700,0
16701,0
16702,1
16703,1
16704,0
16705,1
16706,1
16707,0
16708,1
16709,0
16710,0
16711,0
16712,0
16713,0
16714,0
16715,0
16716,0
16717,0
16718,0
16719,0
16720,0
16721,1
16722,1
16723,0
16724,0
16725,0
16726,0
16727,1
16728,0
16729,0
16730,0
16731,1
16732,0
16733,0
16734,1
16735,1
16736,0
16737,0
16738,0
16739,1
16740,1
16741,0
16742,0
16743,0
16744,0
16745,1
16746,0
16747,1
16748,1
16749,0
16750,0
16751,0
16752,1
16753,1
16754,0
16755,0
16756,0
16757,1
16758,0
16759,0
16760,1
16761,0
16762,0
16763,0
16764,1
16765,0
16766,0
16767,0
16768,0
16769,0
16770,1
16771,0
16772,0
16773,0
16774,0
16775,0
16776,0
16777,0
16778,0
16779,0
16780,0
16781,1
16782,1
16783,1
16784,0
16785,1
16786,0
16787,0
16788,0
16789,1
16790,0
16791,0
16792,0
16793,0
16794,1
16795,0
16796,0
16797,0
16798,0
16799,0
16800,0
16801,0
16802,1
16803,0
16804,0
16805,1
16806,0
16807,0
16808,1
16809,0
16810,0
16811,0
16812,0
16813,0
16814,1
16815,0
16816,1
16817,0
16818,1
16819,0
16820,0
16821,0
16822,0
16823,1
16824,0
16825,0
16826,0
16827,0
16828,0
16829,0
16830,1
16831,0
16832,1
16833,0
16834,0
16835,0
16836,1
16837,0
16838,0
16839,1
16840,0
16841,0
16842,0
16843,0
16844,0
16845,1
16846,0
16847,0
16848,1
16849,1
16850,0
16851,0
16852,0
16853,0
16854,0
16855,0
16856,0
16857,0
16858,0
16859,1
16860,0
16861,1
16862,1
16863,1
16864,0
16865,0
16866,0
16867,1
16868,0
16869,0
16870,0
16871,0
16872,0
16873,0
16874,1
16875,0
16876,0
16877,0
16878,0
16879,0
16880,0
16881,0
16882,0
16883,0
16884,1
16885,0
16886,0
16887,0
16888,0
16889,0
16890,0
16891,0
16892,1
16893,0
16894,0
16895,1
16896,0
16897,0
16898,1
16899,1
16900,0
16901,1
16902,1
16903,0
16904,1
16905,1
16906,0
16907,0
16908,0
16909,0
16910,1
16911,1
16912,1
16913,1
16914,1
16915,0
16916,0
16917,0
16918,0
16919,0
16920,0
16921,0
16922,1
16923,0
16924,1
16925,0
16926,0
16927,1
16928,0
16929,1
16930,0
16931,0
16932,0
16933,0
16934,0
16935,0
16936,1
16937,0
16938,0
16939,0
16940,1
16941,0
16942,0
16943,1
16944,0
16945,0
16946,0
16947,0
16948,0
16949,1
16950,0
16951,0
16952,1
16953,0
16954,0
16955,0
16956,0
16957,0
16958,0
16959,1
16960,0
16961,0
16962,0
16963,1
16964,0
16965,1
16966,0
16967,1
16968,0
16969,0
16970,0
16971,1
16972,0
16973,0
16974,0
16975,0
16976,1
16977,0
16978,1
16979,0
16980,1
16981,0
16982,0
16983,0
16984,0
16985,0
16986,0
16987,1
16988,0
16989,0
16990,1
16991,0
16992,0
16993,1
16994,1
16995,0
16996,0
16997,0
16998,0
16999,0
17000,0
17001,0
17002,0
17003,0
17004,1
17005,0
17006,1
17007,1
17008,0
17009,1
17010,1
17011,1
17012,1
17013,1
17014,1
17015,0
17016,0
17017,0
17018,1
17019,0
17020,0
17021,0
17022,1
17023,0
17024,1
17025,0
17026,0
17027,1
17028,0
17029,0
17030,0
17031,0
17032,0
17033,0
17034,1
17035,0
17036,0
17037,0
17038,0
17039,0
17040,1
17041,0
17042,0
17043,0
17044,0
17045,1
17046,0
17047,0
17048,1
17049,1
17050,0
17051,0
17052,0
17053,0
17054,1
17055,0
17056,0
17057,1
17058,0
17059,1
17060,0
17061,1
17062,0
17063,0
17064,0
17065,0
17066,0
17067,0
17068,0
17069,0
17070,0
17071,0
17072,0
17073,1
17074,0
17075,0
17076,0
17077,1
17078,0
17079,1
17080,0
17081,0
17082,0
17083,1
17084,1
17085,0
17086,0
17087,0
17088,1
17089,0
17090,1
17091,0
17092,0
17093,0
17094,0
17095,0
17096,0
17097,0
17098,1
17099,0
17100,1
17101,1
17102,0
17103,0
17104,0
17105,0
17106,1
17107,0
17108,0
17109,0
17110,0
17111,0
17112,1
17113,1
17114,0
17115,0
17116,0
17117,0
17118,0
17119,0
17120,1
17121,0
17122,1
17123,0
17124,0
17125,0
17126,0
17127,1
17128,0
17129,0
17130,0
17131,0
17132,0
17133,0
17134,0
17135,1
17136,1
17137,0
17138,0
17139,0
17140,0
17141,0
17142,1
17143,0
17144,1
17145,0
17146,0
17147,1
17148,0
17149,0
17150,0
17151,0
17152,0
17153,0
17154,0
17155,0
17156,1
17157,1
17158,0
17159,0
17160,0
17161,1
17162,1
17163,0
17164,0
17165,1
17166,0
17167,0
17168,0
17169,0
17170,0
17171,0
17172,0
17173,1
17174,1
17175,0
17176,0
17177,0
17178,0
17179,0
17180,1
17181,0
17182,0
17183,0
17184,1
17185,1
17186,0
17187,0
17188,1
17189,0
17190,0
17191,1
17192,0
17193,0
17194,0
17195,1
17196,0
17197,1
17198,0
17199,0
17200,0
17201,0
17202,0
17203,0
17204,0
17205,0
17206,1
17207,0
17208,0
17209,0
17210,0
17211,0
17212,0
17213,0
17214,0
17215,0
17216,0
17217,0
17218,0
17219,0
17220,0
17221,0
17222,1
17223,0
17224,0
17225,0
17226,0
17227,0
17228,0
17229,0
17230,0
17231,0
17232,0
17233,1
17234,1
17235,0
17236,0
17237,1
17238,1
17239,0
17240,1
17241,0
17242,1
17243,0
17244,0
17245,0
17246,1
17247,1
17248,0
17249,0
17250,0
17251,0
17252,1
17253,0
17254,0
17255,0
17256,0
17257,1
17258,0
17259,0
17260,0
17261,0
17262,0
17263,0
17264,0
17265,1
17266,0
17267,0
17268,0
17269,0
17270,1
17271,0
17272,1
17273,1
17274,0
17275,0
17276,1
17277,0
17278,0
17279,0
17280,0
17281,0
17282,1
17283,1
17284,0
17285,0
17286,0
17287,1
17288,0
17289,0
17290,0
17291,0
17292,0
17293,0
17294,1
17295,0
17296,0
17297,0
17298,0
17299,0
17300,0
17301,0
17302,0
17303,1
17304,0
17305,0
17306,0
17307,0
17308,0
17309,0
17310,1
17311,0
17312,0
17313,0
17314,0
17315,0
17316,0
17317,1
17318,0
17319,1
17320,0
17321,1
17322,0
17323,1
17324,0
17325,1
17326,0
17327,0
17328,0
17329,1
17330,0
17331,0
17332,0
17333,1
17334,1
17335,0
17336,0
17337,0
17338,0
17339,0
17340,0
17341,1
17342,0
17343,0
17344,0
17345,1
17346,0
17347,0
17348,0
17349,0
17350,0
17351,0
17352,0
17353,0
17354,1
17355,0
17356,0
17357,0
17358,0
17359,0
17360,0
17361,0
17362,1
17363,0
17364,0
17365,0
17366,1
17367,0
17368,1
17369,0
17370,0
17371,1
17372,0
17373,0
17374,0
17375,1
17376,0
17377,0
17378,0
17379,0
17380,1
17381,0
17382,0
17383,0
17384,0
17385,1
17386,0
17387,1
17388,0
17389,0
17390,0
17391,0
17392,0
17393,0
17394,0
17395,0
17396,0
17397,1
17398,1
17399,0
17400,1
17401,0
17402,0
17403,1
17404,0
17405,0
17406,0
17407,0
17408,0
17409,1
17410,0
17411,1
17412,0
17413,0
17414,1
17415,0
17416,0
17417,1
17418,0
17419,0
17420,0
17421,0
17422,1
17423,0
17424,1
17425,0
17426,0
17427,0
17428,0
17429,0
17430,1
17431,1
17432,0
17433,0
17434,0
17435,0
17436,1
17437,0
17438,1
17439,1
17440,0
17441,0
17442,0
17443,0
17444,0
17445,0
17446,0
17447,1
17448,0
17449,0
17450,0
17451,1
17452,0
17453,0
17454,0
17455,0
17456,0
17457,0
17458,0
17459,0
17460,0
17461,0
17462,0
17463,1
17464,0
17465,0
17466,0
17467,1
17468,1
17469,0
17470,0
17471,0
17472,0
17473,1
17474,0
17475,1
17476,0
17477,0
17478,0
17479,0
17480,0
17481,0
17482,1
17483,1
17484,0
17485,1
17486,0
17487,1
17488,1
17489,1
17490,0
17491,0
17492,0
17493,0
17494,0
17495,1
17496,0
17497,1
17498,0
17499,1
17500,0
17501,0
17502,0
17503,0
17504,0
17505,0
17506,0
17507,0
17508,0
17509,0
17510,0
17511,1
17512,0
17513,0
17514,0
17515,0
17516,0
17517,0
17518,0
17519,0
17520,1
17521,0
17522,0
17523,0
17524,0
17525,1
17526,1
17527,1
17528,0
17529,0
17530,1
17531,0
17532,0
17533,0
17534,0
17535,0
17536,0
17537,1
17538,0
17539,0
17540,1
17541,0
17542,0
17543,0
17544,0
17545,0
17546,0
17547,0
17548,0
17549,0
17550,1
17551,1
17552,1
17553,0
17554,1
17555,0
17556,0
17557,0
17558,0
17559,0
17560,0
17561,0
17562,0
17563,0
17564,1
17565,0
17566,0
17567,0
17568,0
17569,0
17570,0
17571,1
17572,0
17573,0
17574,1
17575,1
17576,1
17577,0
17578,0
17579,1
17580,0
17581,0
17582,0
17583,1
17584,0
17585,1
17586,1
17587,1
17588,0
17589,0
17590,0
17591,1
17592,0
17593,0
17594,0
17595,1
17596,1
17597,0
17598,1
17599,0
17600,0
17601,0
17602,0
17603,1
17604,0
17605,0
17606,0
17607,0
17608,0
17609,1
17610,0
17611,0
17612,0
17613,0
17614,0
17615,1
17616,1
17617,0
17618,1
17619,0
17620,1
17621,0
17622,0
17623,1
17624,0
17625,0
17626,0
17627,0
17628,0
17629,0
17630,0
17631,0
17632,1
17633,0
17634,1
17635,0
17636,0
17637,0
17638,0
17639,1
17640,0
17641,0
17642,1
17643,0
17644,1
17645,0
17646,1
17647,0
17648,0
17649,0
17650,0
17651,0
17652,1
17653,0
17654,0
17655,0
17656,0
17657,0
17658,0
17659,0
17660,1
17661,1
17662,0
17663,0
17664,1
17665,0
17666,1
17667,0
17668,0
17669,0
17670,0
17671,1
17672,0
17673,0
17674,1
17675,1
17676,1
17677,0
17678,1
17679,0
17680,0
17681,0
17682,0
17683,0
17684,0
17685,0
17686,1
17687,1
17688,0
17689,0
17690,0
17691,1
17692,0
17693,0
17694,0
17695,1
17696,0
17697,0
17698,0
17699,1
17700,0
17701,1
17702,0
17703,0
17704,0
17705,0
17706,1
17707,1
17708,1
17709,0
17710,0
17711,0
17712,0
17713,0
17714,0
17715,0
17716,1
17717,0
17718,1
17719,0
17720,0
17721,0
17722,0
17723,0
17724,0
17725,0
17726,1
17727,0
17728,0
17729,0
17730,0
17731,0
17732,0
17733,0
17734,0
17735,0
17736,0
17737,0
17738,1
17739,0
17740,0
17741,1
17742,1
17743,0
17744,0
17745,0
17746,0
17747,0
17748,0
17749,0
17750,0
17751,1
17752,0
17753,0
17754,0
17755,0
17756,0
17757,0
17758,0
17759,0
17760,0
17761,0
17762,0
17763,1
17764,1
17765,0
17766,0
17767,1
17768,0
17769,1
17770,0
17771,0
17772,0
17773,1
17774,0
17775,1
17776,0
17777,0
17778,0
17779,0
17780,1
17781,0
17782,0
17783,1
17784,0
17785,0
17786,1
17787,0
17788,0
17789,1
17790,0
17791,0
17792,0
17793,0
17794,1
17795,0
17796,0
17797,0
17798,1
17799,1
17800,0
17801,0
17802,0
17803,0
17804,1
17805,0
17806,0
17807,0
17808,0
17809,0
17810,1
17811,1
17812,0
17813,0
17814,0
17815,1
17816,0
17817,1
17818,1
17819,1
17820,0
17821,1
17822,0
17823,0
17824,0
17825,0
17826,1
17827,1
17828,0
17829,0
17830,0
17831,0
17832,0
17833,0
17834,0
17835,0
17836,0
17837,0
17838,0
17839,0
17840,0
17841,0
17842,1
17843,0
17844,1
17845,0
17846,0
17847,1
17848,0
17849,0
17850,1
17851,1
17852,0
17853,0
17854,1
17855,0
17856,0
17857,0
17858,1
17859,0
17860,0
17861,1
17862,0
17863,0
17864,0
17865,1
17866,1
17867,0
17868,0
17869,0
17870,1
17871,0
17872,0
17873,0
17874,0
17875,1
17876,0
17877,0
17878,1
17879,0
17880,1
17881,0
17882,1
17883,0
17884,0
17885,0
17886,0
17887,1
17888,1
17889,0
17890,1
17891,1
17892,0
17893,0
17894,0
17895,0
17896,0
17897,0
17898,0
17899,1
17900,0
17901,0
17902,0
17903,1
17904,0
17905,0
17906,0
17907,0
17908,0
17909,0
17910,0
17911,0
17912,1
17913,1
17914,0
17915,0
17916,1
17917,0
17918,0
17919,0
17920,0
17921,0
17922,0
17923,1
17924,0
17925,0
17926,0
17927,0
17928,0
17929,1
17930,0
17931,1
17932,0
17933,1
17934,0
17935,0
17936,0
17937,0
17938,0
17939,0
17940,1
17941,0
17942,0
17943,0
17944,1
17945,0
17946,0
17947,1
17948,1
17949,0
17950,0
17951,1
17952,0
17953,0
17954,1
17955,1
17956,0
17957,0
17958,0
17959,1
17960,0
17961,0
17962,0
17963,1
17964,1
17965,0
17966,0
17967,0
17968,0
17969,0
17970,1
17971,0
17972,1
17973,0
17974,1
17975,0
17976,0
17977,0
17978,0
17979,1
17980,0
17981,0
17982,0
17983,0
17984,0
17985,0
17986,0
17987,0
17988,0
17989,0
17990,0
17991,0
17992,0
17993,0
17994,1
17995,0
17996,1
17997,0
17998,1
17999,1
18000,0
18001,0
18002,0
18003,0
18004,0
18005,0
18006,0
18007,0
18008,0
18009,0
18010,1
18011,1
18012,0
18013,0
18014,1
18015,1
18016,0
18017,0
18018,0
18019,0
18020,0
18021,0
18022,0
18023,1
18024,0
18025,0
18026,0
18027,0
18028,1
18029,0
18030,0
18031,0
18032,0
18033,0
18034,0
18035,0
18036,0
18037,0
18038,1
18039,0
18040,0
18041,1
18042,0
18043,0
18044,0
18045,0
18046,0
18047,0
18048,0
18049,0
18050,0
18051,0
18052,1
18053,0
18054,0
18055,0
18056,0
18057,0
18058,0
18059,1
18060,0
18061,1
18062,0
18063,1
18064,0
18065,0
18066,0
18067,0
18068,0
18069,0
18070,0
18071,1
18072,0
18073,1
18074,0
18075,0
18076,0
18077,1
18078,0
18079,0
18080,0
18081,0
18082,0
18083,1
18084,0
18085,1
18086,0
18087,0
18088,0
18089,0
18090,0
18091,0
18092,0
18093,1
18094,0
18095,1
18096,0
18097,0
18098,0
18099,0
18100,0
18101,1
18102,0
18103,1
18104,0
18105,1
18106,0
18107,0
18108,0
18109,0
18110,0
18111,1
18112,0
18113,0
18114,0
18115,1
18116,0
18117,0
18118,1
18119,0
18120,0
18121,0
18122,0
18123,1
18124,0
18125,1
18126,0
18127,0
18128,0
18129,0
18130,0
18131,0
18132,0
18133,0
18134,0
18135,1
18136,0
18137,0
18138,0
18139,1
18140,0
18141,0
18142,1
18143,0
18144,0
18145,0
18146,0
18147,0
18148,1
18149,1
18150,0
18151,1
18152,0
18153,0
18154,0
18155,1
18156,0
18157,0
18158,1
18159,0
18160,1
18161,1
18162,0
18163,1
18164,0
18165,0
18166,0
18167,0
18168,0
18169,0
18170,1
18171,0
18172,0
18173,0
18174,0
18175,1
18176,0
18177,1
18178,0
18179,1
18180,0
18181,1
18182,0
18183,0
18184,0
18185,0
18186,0
18187,0
18188,1
18189,0
18190,0
18191,0
18192,1
18193,1
18194,0
18195,0
18196,0
18197,0
18198,0
18199,0
18200,1
18201,1
18202,0
18203,0
18204,0
18205,0
18206,0
18207,0
18208,0
18209,0
18210,1
18211,1
18212,0
18213,0
18214,1
18215,1
18216,0
18217,0
18218,0
18219,0
18220,0
18221,0
18222,0
18223,0
18224,0
18225,0
18226,0
18227,0
18228,0
18229,0
18230,0
18231,0
18232,1
18233,1
18234,0
18235,1
18236,0
18237,1
18238,1
18239,0
18240,0
18241,0
18242,0
18243,0
18244,0
18245,0
18246,1
18247,0
18248,0
18249,0
18250,0
18251,1
18252,0
18253,0
18254,0
18255,0
18256,0
18257,0
18258,0
18259,0
18260,0
18261,0
18262,0
18263,0
18264,1
18265,0
18266,0
18267,0
18268,0
18269,0
18270,0
18271,0
18272,0
18273,0
18274,0
18275,1
18276,0
18277,0
18278,0
18279,0
18280,0
18281,0
18282,1
18283,1
18284,0
18285,0
18286,0
18287,1
18288,0
18289,0
18290,1
18291,0
18292,0
18293,0
18294,0
18295,1
18296,0
18297,0
18298,0
18299,0
18300,0
18301,1
18302,0
18303,1
18304,0
18305,0
18306,0
18307,0
18308,0
18309,0
18310,0
18311,0
18312,0
18313,0
18314,0
18315,0
18316,0
18317,0
18318,0
18319,0
18320,0
18321,0
18322,0
18323,0
18324,1
18325,0
18326,0
18327,0
18328,1
18329,1
18330,1
18331,0
18332,0
18333,0
18334,1
18335,0
18336,1
18337,0
18338,1
18339,1
18340,0
18341,0
18342,0
18343,0
18344,0
18345,0
18346,0
18347,0
18348,0
18349,0
18350,0
18351,0
18352,0
18353,0
18354,0
18355,0
18356,0
18357,1
18358,1
18359,0
18360,1
18361,0
18362,1
18363,0
18364,0
18365,1
18366,1
18367,1
18368,0
18369,0
18370,1
18371,0
18372,0
18373,0
18374,1
18375,1
18376,0
18377,0
18378,0
18379,0
18380,0
18381,0
18382,0
18383,0
18384,0
18385,0
18386,0
18387,1
18388,1
18389,0
18390,0
18391,0
18392,0
18393,0
18394,0
18395,0
18396,0
18397,0
18398,0
18399,1
18400,0
18401,1
18402,0
18403,1
18404,0
18405,0
18406,1
18407,1
18408,0
18409,0
18410,0
18411,0
18412,1
18413,1
18414,0
18415,0
18416,0
18417,1
18418,1
18419,0
18420,0
18421,0
18422,0
18423,1
18424,0
18425,1
18426,0
18427,0
18428,0
18429,0
18430,0
18431,0
18432,0
18433,1
18434,1
18435,1
18436,0
18437,0
18438,0
18439,1
18440,0
18441,1
18442,1
18443,0
18444,1
18445,1
18446,0
18447,0
18448,1
18449,0
18450,0
18451,0
18452,0
18453,0
18454,1
18455,0
18456,0
18457,0
18458,0
18459,0
18460,0
18461,0
18462,1
18463,1
18464,1
18465,1
18466,1
18467,0
18468,1
18469,0
18470,1
18471,0
18472,0
18473,1
18474,0
18475,0
18476,0
18477,0
18478,0
18479,1
18480,0
18481,0
18482,0
18483,0
18484,1
18485,0
18486,0
18487,0
18488,0
18489,0
18490,0
18491,0
18492,0
18493,0
18494,0
18495,0
18496,0
18497,1
18498,0
18499,0
18500,0
18501,0
18502,0
18503,0
18504,1
18505,0
18506,0
18507,0
18508,0
18509,0
18510,0
18511,0
18512,0
18513,1
18514,0
18515,0
18516,0
18517,0
18518,1
18519,0
18520,1
18521,1
18522,0
18523,0
18524,1
18525,0
18526,1
18527,0
18528,1
18529,1
18530,0
18531,0
18532,0
18533,0
18534,0
18535,0
18536,1
18537,0
18538,1
18539,0
18540,0
18541,0
18542,0
18543,1
18544,0
18545,1
18546,1
18547,0
18548,1
18549,0
18550,0
18551,0
18552,1
18553,1
18554,0
18555,0
18556,1
18557,0
18558,0
18559,0
18560,0
18561,0
18562,0
18563,0
18564,0
18565,0
18566,0
18567,0
18568,0
18569,0
18570,0
18571,0
18572,0
18573,0
18574,1
18575,1
18576,0
18577,0
18578,0
18579,0
18580,0
18581,0
18582,0
18583,0
18584,0
18585,0
18586,0
18587,1
18588,0
18589,0
18590,0
18591,0
18592,0
18593,1
18594,0
18595,0
18596,1
18597,0
18598,0
18599,0
18600,1
18601,0
18602,1
18603,0
18604,0
18605,0
18606,1
18607,0
18608,0
18609,0
18610,1
18611,1
18612,0
18613,0
18614,0
18615,0
18616,0
18617,1
18618,1
18619,0
18620,0
18621,0
18622,0
18623,0
18624,1
18625,0
18626,0
18627,0
18628,0
18629,0
18630,0
18631,0
18632,0
18633,0
18634,1
18635,1
18636,0
18637,1
18638,1
18639,0
18640,0
18641,1
18642,0
18643,0
18644,0
18645,0
18646,0
18647,1
18648,1
18649,0
18650,0
18651,0
18652,0
18653,0
18654,0
18655,1
18656,0
18657,0
18658,0
18659,1
18660,0
18661,0
18662,0
18663,0
18664,0
18665,0
18666,0
18667,0
18668,1
18669,1
18670,0
18671,0
18672,0
18673,0
18674,0
18675,1
18676,0
18677,0
18678,0
18679,0
18680,0
18681,1
18682,0
18683,1
18684,0
18685,0
18686,1
18687,0
18688,1
18689,1
18690,1
18691,0
18692,0
18693,0
18694,1
18695,0
18696,0
18697,1
18698,1
18699,0
18700,1
18701,1
18702,0
18703,0
18704,0
18705,0
18706,0
18707,0
18708,0
18709,0
18710,0
18711,0
18712,0
18713,1
18714,0
18715,0
18716,0
18717,0
18718,1
18719,0
18720,0
18721,0
18722,1
18723,0
18724,1
18725,1
18726,0
18727,0
18728,0
18729,0
18730,0
18731,0
18732,0
18733,0
18734,0
18735,1
18736,0
18737,1
18738,0
18739,0
18740,0
18741,0
18742,1
18743,0
18744,0
18745,0
18746,1
18747,0
18748,0
18749,0
18750,0
18751,0
18752,1
18753,0
18754,1
18755,0
18756,1
18757,0
18758,1
18759,0
18760,1
18761,0
18762,0
18763,1
18764,0
18765,1
18766,0
18767,0
18768,0
18769,0
18770,0
18771,0
18772,0
18773,0
18774,0
18775,0
18776,1
18777,0
18778,0
18779,0
18780,0
18781,0
18782,0
18783,1
18784,0
18785,0
18786,0
18787,1
18788,0
18789,1
18790,1
18791,0
18792,0
18793,0
18794,0
18795,0
18796,0
18797,0
18798,1
18799,0
18800,0
18801,0
18802,1
18803,0
18804,0
18805,0
18806,0
18807,1
18808,0
18809,1
18810,0
18811,0
18812,0
18813,0
18814,1
18815,0
18816,0
18817,0
18818,0
18819,0
18820,0
18821,1
18822,0
18823,0
18824,0
18825,0
18826,0
18827,0
18828,0
18829,0
18830,0
18831,1
18832,0
18833,1
18834,0
18835,0
18836,1
18837,1
18838,0
18839,1
18840,0
18841,0
18842,0
18843,0
18844,0
18845,0
18846,0
18847,0
18848,0
18849,0
18850,0
18851,0
18852,1
18853,0
18854,0
18855,0
18856,0
18857,0
18858,0
18859,1
18860,0
18861,0
18862,0
18863,0
18864,1
18865,0
18866,0
18867,0
18868,0
18869,1
18870,0
18871,0
18872,0
18873,0
18874,0
18875,1
18876,0
18877,0
18878,0
18879,0
18880,0
18881,0
18882,0
18883,0
18884,0
18885,1
18886,0
18887,0
18888,1
18889,0
18890,0
18891,0
18892,0
18893,1
18894,0
18895,0
18896,0
18897,0
18898,0
18899,1
18900,0
18901,1
18902,0
18903,0
18904,0
18905,1
18906,0
18907,0
18908,1
18909,0
18910,0
18911,0
18912,0
18913,0
18914,1
18915,1
18916,1
18917,0
18918,0
18919,0
18920,1
18921,0
18922,0
18923,1
18924,0
18925,1
18926,0
18927,0
18928,0
18929,1
18930,0
18931,1
18932,0
18933,0
18934,0
18935,0
18936,0
18937,0
18938,0
18939,0
18940,0
18941,1
18942,0
18943,0
18944,0
18945,0
18946,0
18947,0
18948,1
18949,1
18950,1
18951,0
18952,0
18953,0
18954,1
18955,0
18956,0
18957,0
18958,0
18959,0
18960,0
18961,0
18962,0
18963,0
18964,0
18965,1
18966,1
18967,0
18968,1
18969,0
18970,0
18971,0
18972,0
18973,0
18974,0
18975,0
18976,0
18977,0
18978,0
18979,0
18980,1
18981,0
18982,1
18983,0
18984,1
18985,0
18986,0
18987,0
18988,0
18989,0
18990,0
18991,1
18992,0
18993,0
18994,0
18995,1
18996,0
18997,0
18998,0
18999,1
19000,1
19001,1
19002,1
19003,0
19004,0
19005,0
19006,0
19007,1
19008,0
19009,0
19010,1
19011,0
19012,0
19013,0
19014,1
19015,0
19016,0
19017,0
19018,0
19019,0
19020,0
19021,0
19022,0
19023,0
19024,1
19025,0
19026,0
19027,0
19028,0
19029,1
19030,0
19031,0
19032,0
19033,0
19034,1
19035,0
19036,0
19037,0
19038,0
19039,0
19040,0
19041,0
19042,0
19043,1
19044,0
19045,0
19046,0
19047,0
19048,1
19049,0
19050,0
19051,1
19052,1
19053,1
19054,0
19055,0
19056,0
19057,0
19058,0
19059,0
19060,1
19061,0
19062,0
19063,1
19064,0
19065,0
19066,0
19067,0
19068,0
19069,0
19070,0
19071,1
19072,0
19073,0
19074,0
19075,0
19076,0
19077,0
19078,0
19079,0
19080,0
19081,0
19082,0
19083,0
19084,0
19085,1
19086,0
19087,1
19088,1
19089,0
19090,1
19091,0
19092,1
19093,0
19094,0
19095,1
19096,1
19097,1
19098,0
19099,0
19100,1
19101,1
19102,0
19103,0
19104,0
19105,1
19106,0
19107,0
19108,1
19109,0
19110,1
19111,0
19112,0
19113,0
19114,1
19115,0
19116,0
19117,1
19118,0
19119,1
19120,0
19121,0
19122,0
19123,0
19124,0
19125,0
19126,0
19127,0
19128,1
19129,0
19130,1
19131,0
19132,0
19133,1
19134,0
19135,0
19136,0
19137,1
19138,0
19139,0
19140,0
19141,0
19142,1
19143,0
19144,0
19145,0
19146,0
19147,0
19148,0
19149,0
19150,0
19151,0
19152,1
19153,0
19154,1
19155,0
19156,1
19157,0
19158,0
19159,0
19160,0
19161,0
19162,0
19163,0
19164,1
19165,1
19166,0
19167,1
19168,0
19169,1
19170,0
19171,0
19172,1
19173,0
19174,1
19175,1
19176,0
19177,1
19178,0
19179,0
19180,0
19181,0
19182,0
19183,0
19184,0
19185,0
19186,1
19187,0
19188,0
19189,0
19190,0
19191,1
19192,0
19193,0
19194,0
19195,0
19196,0
19197,0
19198,0
19199,0
19200,1
19201,0
19202,0
19203,0
19204,1
19205,1
19206,0
19207,1
19208,1
19209,1
19210,0
19211,1
19212,0
19213,0
19214,0
19215,0
19216,0
19217,0
19218,0
19219,1
19220,0
19221,0
19222,0
19223,0
19224,1
19225,0
19226,0
19227,0
19228,0
19229,1
19230,1
19231,1
19232,0
19233,0
19234,0
19235,0
19236,0
19237,0
19238,1
19239,0
19240,0
19241,0
19242,0
19243,1
19244,0
19245,1
19246,0
19247,0
19248,0
19249,0
19250,0
19251,1
19252,1
19253,0
19254,0
19255,1
19256,0
19257,0
19258,1
19259,0
19260,0
19261,0
19262,1
19263,0
19264,0
19265,0
19266,0
19267,1
19268,0
19269,1
19270,0
19271,0
19272,0
19273,0
19274,1
19275,0
19276,0
19277,1
19278,0
19279,1
19280,1
19281,1
19282,0
19283,0
19284,0
19285,1
19286,1
19287,0
19288,1
19289,1
19290,0
19291,1
19292,0
19293,1
19294,0
19295,0
19296,0
19297,0
19298,0
19299,0
19300,0
19301,0
19302,0
19303,1
19304,0
19305,0
19306,0
19307,0
19308,0
19309,0
19310,0
19311,0
19312,0
19313,0
19314,0
19315,1
19316,1
19317,0
19318,0
19319,1
19320,0
19321,0
19322,0
19323,0
19324,0
19325,0
19326,0
19327,0
19328,0
19329,1
19330,0
19331,0
19332,0
19333,0
19334,0
19335,0
19336,0
19337,1
19338,1
19339,0
19340,0
19341,0
19342,0
19343,0
19344,1
19345,1
19346,1
19347,0
19348,0
19349,1
19350,0
19351,0
19352,0
19353,0
19354,0
19355,0
19356,0
19357,0
19358,1
19359,1
19360,1
19361,0
19362,1
19363,0
19364,0
19365,1
19366,0
19367,0
19368,0
19369,0
19370,0
19371,0
19372,1
19373,0
19374,1
19375,0
19376,0
19377,0
19378,0
19379,0
19380,1
19381,0
19382,0
19383,0
19384,1
19385,1
19386,0
19387,0
19388,0
19389,0
19390,0
19391,0
19392,0
19393,0
19394,0
19395,1
19396,0
19397,1
19398,0
19399,0
19400,1
19401,0
19402,0
19403,0
19404,1
19405,1
19406,0
19407,0
19408,0
19409,0
19410,0
19411,0
19412,0
19413,1
19414,0
19415,0
19416,0
19417,0
19418,0
19419,0
19420,0
19421,0
19422,0
19423,0
19424,0
19425,0
19426,1
19427,0
19428,0
19429,0
19430,0
19431,1
19432,0
19433,0
19434,0
19435,0
19436,1
19437,0
19438,1
19439,1
19440,0
19441,0
19442,0
19443,1
19444,0
19445,0
19446,0
19447,0
19448,1
19449,0
19450,0
19451,0
19452,0
19453,0
19454,0
19455,0
19456,0
19457,1
19458,0
19459,1
19460,0
19461,1
19462,0
19463,0
19464,0
19465,0
19466,0
19467,0
19468,0
19469,0
19470,1
19471,1
19472,0
19473,0
19474,1
19475,0
19476,0
19477,0
19478,0
19479,0
19480,0
19481,0
19482,1
19483,0
19484,0
19485,0
19486,1
19487,0
19488,0
19489,0
19490,0
19491,0
19492,0
19493,0
19494,0
19495,0
19496,1
19497,0
19498,0
19499,1
19500,1
19501,0
19502,0
19503,1
19504,0
19505,0
19506,0
19507,1
19508,1
19509,0
19510,0
19511,1
19512,1
19513,1
19514,0
19515,0
19516,0
19517,0
19518,1
19519,0
19520,1
19521,1
19522,1
19523,0
19524,0
19525,1
19526,0
19527,1
19528,0
19529,0
19530,0
19531,0
19532,0
19533,0
19534,0
19535,0
19536,0
19537,0
19538,0
19539,1
19540,1
19541,1
19542,0
19543,0
19544,0
19545,1
19546,1
19547,1
19548,1
19549,0
19550,0
19551,0
19552,0
19553,0
19554,1
19555,0
19556,0
19557,0
19558,1
19559,0
19560,0
19561,0
19562,0
19563,0
19564,0
19565,1
19566,0
19567,0
19568,0
19569,0
19570,0
19571,0
19572,1
19573,0
19574,1
19575,0
19576,0
19577,0
19578,0
19579,1
19580,1
19581,0
19582,0
19583,0
19584,1
19585,0
19586,1
19587,0
19588,0
19589,0
19590,0
19591,0
19592,0
19593,0
19594,0
19595,0
19596,0
19597,0
19598,0
19599,1
19600,0
19601,0
19602,0
19603,0
19604,0
19605,0
19606,0
19607,0
19608,0
19609,0
19610,1
19611,0
19612,0
19613,1
19614,0
19615,0
19616,1
19617,1
19618,0
19619,0
19620,0
19621,0
19622,1
19623,1
19624,0
19625,0
19626,0
19627,1
19628,1
19629,1
19630,0
19631,0
19632,1
19633,0
19634,0
19635,0
19636,1
19637,0
19638,0
19639,0
19640,1
19641,0
19642,0
19643,0
19644,1
19645,1
19646,0
19647,0
19648,1
19649,1
19650,0
19651,0
19652,1
19653,1
19654,1
19655,0
19656,0
19657,0
19658,0
19659,0
19660,1
19661,0
19662,1
19663,0
19664,0
19665,1
19666,0
19667,0
19668,1
19669,0
19670,0
19671,1
19672,0
19673,1
19674,0
19675,1
19676,0
19677,0
19678,0
19679,0
19680,1
19681,0
19682,0
19683,0
19684,0
19685,0
19686,0
19687,0
19688,0
19689,0
19690,0
19691,1
19692,0
19693,1
19694,1
19695,1
19696,0
19697,1
19698,1
19699,1
19700,0
19701,1
19702,0
19703,0
19704,0
19705,0
19706,0
19707,0
19708,0
19709,0
19710,0
19711,0
19712,0
19713,0
19714,1
19715,0
19716,0
19717,0
19718,1
19719,0
19720,1
19721,0
19722,0
19723,0
19724,1
19725,1
19726,0
19727,0
19728,0
19729,0
19730,0
19731,0
19732,0
19733,0
19734,0
19735,1
19736,1
19737,0
19738,1
19739,0
19740,1
19741,0
19742,0
19743,0
19744,1
19745,1
19746,0
19747,0
19748,1
19749,0
19750,1
19751,1
19752,1
19753,0
19754,1
19755,0
19756,0
19757,0
19758,0
19759,0
19760,0
19761,1
19762,1
19763,1
19764,0
19765,1
19766,0
19767,0
19768,1
19769,1
19770,0
19771,0
19772,0
19773,1
19774,0
19775,0
19776,1
19777,0
19778,1
19779,1
19780,1
19781,0
19782,0
19783,0
19784,0
19785,0
19786,0
19787,0
19788,0
19789,1
19790,0
19791,0
19792,0
19793,0
19794,0
19795,0
19796,0
19797,0
19798,0
19799,0
19800,0
19801,0
19802,0
19803,0
19804,0
19805,0
19806,0
19807,1
19808,0
19809,1
19810,1
19811,0
19812,0
19813,0
19814,0
19815,0
19816,0
19817,1
19818,0
19819,0
19820,0
19821,0
19822,1
19823,1
19824,1
19825,1
19826,0
19827,1
19828,0
19829,0
19830,0
19831,0
19832,0
19833,0
19834,0
19835,0
19836,0
19837,0
19838,0
19839,0
19840,0
19841,0
19842,1
19843,0
19844,1
19845,0
19846,0
19847,0
19848,1
19849,1
19850,1
19851,1
19852,1
19853,0
19854,1
19855,0
19856,1
19857,0
19858,0
19859,0
19860,0
19861,0
19862,0
19863,0
19864,0
19865,0
19866,0
19867,0
19868,0
19869,0
19870,0
19871,0
19872,0
19873,0
19874,0
19875,0
19876,0
19877,0
19878,0
19879,1
19880,0
19881,0
19882,0
19883,1
19884,0
19885,0
19886,0
19887,1
19888,0
19889,0
19890,0
19891,0
19892,0
19893,0
19894,0
19895,0
19896,0
19897,1
19898,1
19899,1
19900,0
19901,0
19902,0
19903,0
19904,0
19905,0
19906,1
19907,0
19908,0
19909,0
19910,0
19911,1
19912,1
19913,0
19914,1
19915,0
19916,0
19917,0
19918,0
19919,1
19920,0
19921,0
19922,0
19923,0
19924,0
19925,0
19926,0
19927,0
19928,0
19929,1
19930,0
19931,1
19932,0
19933,0
19934,0
19935,0
19936,0
19937,0
19938,0
19939,0
19940,0
19941,0
19942,1
19943,0
19944,0
19945,0
19946,0
19947,0
19948,0
19949,0
19950,0
19951,0
19952,0
19953,1
19954,0
19955,0
19956,1
19957,0
19958,0
19959,0
19960,0
19961,0
19962,0
19963,0
19964,0
19965,0
19966,0
19967,0
19968,0
19969,0
19970,1
19971,1
19972,0
19973,0
19974,0
19975,0
19976,0
19977,0
19978,1
19979,1
19980,0
19981,0
19982,1
19983,1
19984,0
19985,1
19986,0
19987,0
19988,0
19989,0
19990,0
19991,0
19992,1
19993,1
19994,0
19995,0
19996,0
19997,1
19998,0
19999,0
20000,1
20001,0
20002,0
20003,0
20004,0
20005,0
20006,0
20007,0
20008,0
20009,1
20010,1
20011,0
20012,0
20013,0
20014,0
20015,0
20016,0
20017,0
20018,0
20019,0
20020,0
20021,1
20022,0
20023,1
20024,0
20025,0
20026,0
20027,0
20028,0
20029,0
20030,0
20031,0
20032,0
20033,0
20034,1
20035,0
20036,0
20037,1
20038,0
20039,1
20040,0
20041,0
20042,0
20043,1
20044,0
20045,0
20046,0
20047,0
20048,0
20049,0
20050,0
20051,1
20052,1
20053,0
20054,1
20055,0
20056,0
20057,1
20058,0
20059,0
20060,0
20061,0
20062,0
20063,1
20064,0
20065,0
20066,0
20067,0
20068,1
20069,0
20070,0
20071,0
20072,0
20073,0
20074,1
20075,0
20076,0
20077,0
20078,0
20079,1
20080,1
20081,0
20082,0
20083,1
20084,0
20085,1
20086,1
20087,1
20088,1
20089,1
20090,0
20091,0
20092,1
20093,1
20094,0
20095,0
20096,1
20097,1
20098,0
20099,0
20100,0
20101,1
20102,1
20103,0
20104,0
20105,0
20106,0
20107,0
20108,0
20109,1
20110,0
20111,0
20112,0
20113,0
20114,0
20115,1
20116,1
20117,0
20118,1
20119,1
20120,0
20121,1
20122,0
20123,0
20124,1
20125,0
20126,0
20127,0
20128,0
20129,1
20130,0
20131,0
20132,0
20133,0
20134,0
20135,1
20136,0
20137,1
20138,0
20139,0
20140,1
20141,0
20142,0
20143,0
20144,0
20145,0
20146,0
20147,0
20148,1
20149,0
20150,1
20151,0
20152,1
20153,1
20154,0
20155,0
20156,0
20157,0
20158,0
20159,1
20160,1
20161,0
20162,0
20163,0
20164,1
20165,1
20166,0
20167,1
20168,0
20169,0
20170,0
20171,0
20172,0
20173,1
20174,1
20175,0
20176,0
20177,0
20178,1
20179,0
20180,0
20181,0
20182,0
20183,0
20184,0
20185,0
20186,0
20187,1
20188,0
20189,0
20190,1
20191,0
20192,0
20193,0
20194,0
20195,0
20196,0
20197,1
20198,0
20199,0
20200,0
20201,0
20202,0
20203,0
20204,0
20205,1
20206,0
20207,1
20208,0
20209,0
20210,0
20211,0
20212,0
20213,1
20214,0
20215,0
20216,0
20217,0
20218,0
20219,0
20220,0
20221,1
20222,0
20223,0
20224,0
20225,0
20226,0
20227,1
20228,0
20229,0
20230,0
20231,0
20232,0
20233,0
20234,1
20235,1
20236,1
20237,0
20238,0
20239,1
20240,0
20241,1
20242,0
20243,0
20244,1
20245,0
20246,0
20247,1
20248,0
20249,0
20250,0
20251,0
20252,0
20253,0
20254,0
20255,1
20256,0
20257,0
20258,0
20259,0
20260,0
20261,0
20262,0
20263,1
20264,1
20265,0
20266,0
20267,1
20268,0
20269,0
20270,0
20271,1
20272,0
20273,0
20274,0
20275,0
20276,1
20277,0
20278,0
20279,0
20280,0
20281,0
20282,0
20283,0
20284,0
20285,0
20286,1
20287,0
20288,1
20289,0
20290,0
20291,0
20292,0
20293,1
20294,0
20295,0
20296,0
20297,0
20298,1
20299,1
20300,0
20301,0
20302,0
20303,1
20304,0
20305,0
20306,1
20307,0
20308,0
20309,0
20310,1
20311,0
20312,0
20313,0
20314,1
20315,1
20316,0
20317,1
20318,0
20319,0
20320,0
20321,1
20322,1
20323,0
20324,0
20325,0
20326,0
20327,0
20328,0
20329,0
20330,0
20331,1
20332,0
20333,0
20334,0
20335,0
20336,0
20337,0
20338,0
20339,0
20340,0
20341,1
20342,0
20343,0
20344,0
20345,1
20346,0
20347,0
20348,0
20349,0
20350,1
20351,0
20352,0
20353,1
20354,0
20355,1
20356,0
20357,0
20358,0
20359,0
20360,0
20361,0
20362,1
20363,0
20364,0
20365,1
20366,0
20367,0
20368,1
20369,0
20370,0
20371,1
20372,1
20373,0
20374,1
20375,0
20376,0
20377,0
20378,0
20379,0
20380,0
20381,0
20382,0
20383,0
20384,0
20385,0
20386,1
20387,1
20388,0
20389,0
20390,0
20391,0
20392,0
20393,0
20394,0
20395,0
20396,0
20397,1
20398,0
20399,1
20400,0
20401,0
20402,0
20403,0
20404,1
20405,0
20406,0
20407,0
20408,0
20409,1
20410,0
20411,0
20412,1
20413,1
20414,0
20415,1
20416,1
20417,0
20418,1
20419,0
20420,0
20421,0
20422,0
20423,0
20424,1
20425,1
20426,0
20427,0
20428,0
20429,0
20430,1
20431,0
20432,0
20433,1
20434,1
20435,0
20436,0
20437,1
20438,0
20439,0
20440,0
20441,0
20442,0
20443,0
20444,0
20445,0
20446,0
20447,0
20448,0
20449,0
20450,1
20451,0
20452,0
20453,0
20454,0
20455,0
20456,0
20457,0
20458,0
20459,0
20460,0
20461,0
20462,0
20463,0
20464,0
20465,0
20466,1
20467,0
20468,1
20469,0
20470,0
20471,1
20472,0
20473,0
20474,0
20475,0
20476,0
20477,0
20478,1
20479,1
20480,1
20481,1
20482,0
20483,1
20484,1
20485,1
20486,1
20487,1
20488,1
20489,0
20490,1
20491,0
20492,0
20493,0
20494,0
20495,1
20496,1
20497,0
20498,0
20499,0
20500,1
20501,0
20502,0
20503,0
20504,1
20505,0
20506,0
20507,0
20508,0
20509,0
20510,0
20511,0
20512,0
20513,1
20514,0
20515,0
20516,0
20517,0
20518,0
20519,0
20520,1
20521,0
20522,0
20523,0
20524,1
20525,1
20526,0
20527,0
20528,0
20529,0
20530,0
20531,0
20532,0
20533,0
20534,1
20535,0
20536,0
20537,1
20538,0
20539,1
20540,0
20541,0
20542,0
20543,1
20544,0
20545,1
20546,0
20547,1
20548,0
20549,1
20550,0
20551,0
20552,0
20553,1
20554,0
20555,1
20556,0
20557,1
20558,1
20559,0
20560,0
20561,0
20562,1
20563,0
20564,0
20565,1
20566,1
20567,1
20568,0
20569,0
20570,0
20571,0
20572,0
20573,0
20574,0
20575,1
20576,1
20577,1
20578,0
20579,0
20580,1
20581,0
20582,0
20583,0
20584,0
20585,1
20586,0
20587,0
20588,1
20589,1
20590,0
20591,0
20592,0
20593,1
20594,0
20595,0
20596,1
20597,0
20598,0
20599,0
20600,1
20601,0
20602,0
20603,0
20604,1
20605,0
20606,0
20607,0
20608,0
20609,1
20610,0
20611,1
20612,0
20613,0
20614,0
20615,0
20616,0
20617,0
20618,0
20619,0
20620,0
20621,0
20622,0
20623,0
20624,0
20625,0
20626,0
20627,1
20628,1
20629,0
20630,0
20631,0
20632,1
20633,0
20634,0
20635,1
20636,0
20637,0
20638,0
20639,0
20640,0
20641,0
20642,0
20643,0
20644,0
20645,0
20646,0
20647,0
20648,0
20649,0
20650,1
20651,0
20652,1
20653,1
20654,0
20655,1
20656,0
20657,0
20658,1
20659,0
20660,1
20661,0
20662,0
20663,0
20664,0
20665,0
20666,0
20667,0
20668,0
20669,0
20670,0
20671,0
20672,0
20673,0
20674,0
20675,0
20676,0
20677,0
20678,0
20679,0
20680,1
20681,0
20682,1
20683,0
20684,1
20685,0
20686,0
20687,1
20688,0
20689,0
20690,1
20691,0
20692,0
20693,1
20694,0
20695,1
20696,0
20697,0
20698,0
20699,1
20700,0
20701,0
20702,0
20703,1
20704,0
20705,1
20706,0
20707,0
20708,1
20709,0
20710,0
20711,0
20712,1
20713,0
20714,1
20715,1
20716,0
20717,0
20718,1
20719,0
20720,0
20721,0
20722,1
20723,0
20724,0
20725,0
20726,0
20727,0
20728,0
20729,0
20730,0
20731,1
20732,0
20733,0
20734,0
20735,0
20736,0
20737,0
20738,1
20739,1
20740,0
20741,0
20742,0
20743,0
20744,1
20745,0
20746,0
20747,0
20748,0
20749,0
20750,1
20751,0
20752,0
20753,1
20754,0
20755,1
20756,1
20757,1
20758,0
20759,1
20760,0
20761,1
20762,1
20763,1
20764,1
20765,0
20766,0
20767,0
20768,0
20769,0
20770,0
20771,1
20772,1
20773,1
20774,0
20775,1
20776,0
20777,1
20778,0
20779,0
20780,0
20781,0
20782,0
20783,1
20784,1
20785,1
20786,0
20787,0
20788,0
20789,0
20790,0
20791,0
20792,1
20793,1
20794,0
20795,0
20796,0
20797,0
20798,0
20799,0
20800,1
20801,0
20802,1
20803,0
20804,0
20805,0
20806,0
20807,0
20808,0
20809,0
20810,0
20811,1
20812,1
20813,1
20814,1
20815,0
20816,1
20817,1
20818,1
20819,0
20820,0
20821,0
20822,1
20823,1
20824,0
20825,1
20826,0
20827,0
20828,0
20829,0
20830,0
20831,1
20832,0
20833,1
20834,1
20835,0
20836,0
20837,0
20838,0
20839,1
20840,1
20841,0
20842,0
20843,0
20844,0
20845,0
20846,0
20847,0
20848,1
20849,1
20850,0
20851,0
20852,0
20853,0
20854,0
20855,0
20856,0
20857,1
20858,0
20859,0
20860,0
20861,0
20862,0
20863,0
20864,0
20865,1
20866,0
20867,0
20868,0
20869,0
20870,0
20871,0
20872,1
20873,0
20874,0
20875,0
20876,1
20877,0
20878,0
20879,0
20880,1
20881,0
20882,0
20883,1
20884,1
20885,1
20886,1
20887,1
20888,0
20889,0
20890,0
20891,0
20892,0
20893,0
20894,0
20895,0
20896,0
20897,0
20898,0
20899,0
20900,1
20901,0
20902,0
20903,1
20904,0
20905,1
20906,0
20907,0
20908,0
20909,1
20910,0
20911,0
20912,0
20913,1
20914,1
20915,0
20916,0
20917,0
20918,0
20919,0
20920,1
20921,1
20922,1
20923,0
20924,0
20925,0
20926,0
20927,1
20928,0
20929,0
20930,0
20931,1
20932,0
20933,0
20934,0
20935,0
20936,1
20937,1
20938,0
20939,1
20940,1
20941,0
20942,0
20943,1
20944,0
20945,0
20946,0
20947,1
20948,1
20949,0
20950,0
20951,1
20952,1
20953,0
20954,0
20955,0
20956,0
20957,0
20958,0
20959,0
20960,1
20961,0
20962,1
20963,1
20964,1
20965,0
20966,0
20967,0
20968,0
20969,1
20970,0
20971,0
20972,0
20973,1
20974,0
20975,0
20976,1
20977,0
20978,0
20979,0
20980,1
20981,0
20982,0
20983,1
20984,0
20985,1
20986,0
20987,0
20988,0
20989,1
20990,0
20991,1
20992,0
20993,0
20994,0
20995,0
20996,1
20997,1
20998,1
20999,0
21000,0
21001,1
21002,0
21003,0
21004,0
21005,0
21006,1
21007,1
21008,0
21009,1
21010,0
21011,0
21012,1
21013,0
21014,1
21015,0
21016,0
21017,0
21018,0
21019,0
21020,1
21021,0
21022,0
21023,0
21024,0
21025,1
21026,0
21027,1
21028,0
21029,0
21030,0
21031,0
21032,0
21033,0
21034,0
21035,0
21036,0
21037,0
21038,0
21039,0
21040,0
21041,0
21042,1
21043,1
21044,0
21045,0
21046,1
21047,1
21048,0
21049,0
21050,0
21051,0
21052,0
21053,0
21054,0
21055,0
21056,0
21057,1
21058,0
21059,0
21060,0
21061,0
21062,1
21063,1
21064,0
21065,1
21066,1
21067,0
21068,1
21069,0
21070,0
21071,0
21072,0
21073,0
21074,0
21075,0
21076,1
21077,1
21078,0
21079,0
21080,0
21081,1
21082,0
21083,0
21084,1
21085,0
21086,1
21087,0
21088,1
21089,1
21090,1
21091,0
21092,0
21093,0
21094,0
21095,0
21096,1
21097,0
21098,1
21099,1
21100,0
21101,1
21102,0
21103,0
21104,0
21105,0
21106,0
21107,1
21108,0
21109,0
21110,1
21111,0
21112,0
21113,0
21114,0
21115,0
21116,0
21117,0
21118,1
21119,1
21120,0
21121,0
21122,0
21123,0
21124,0
21125,1
21126,0
21127,0
21128,0
21129,0
21130,0
21131,0
21132,0
21133,1
21134,0
21135,0
21136,0
21137,0
21138,1
21139,0
21140,0
21141,0
21142,0
21143,0
21144,0
21145,0
21146,1
21147,1
21148,0
21149,0
21150,0
21151,0
21152,0
21153,0
21154,1
21155,0
21156,0
21157,1
21158,0
21159,0
21160,1
21161,1
21162,1
21163,0
21164,0
21165,1
21166,0
21167,0
21168,0
21169,0
21170,1
21171,1
21172,0
21173,0
21174,0
21175,0
21176,1
21177,0
21178,0
21179,0
21180,0
21181,1
21182,0
21183,0
21184,1
21185,1
21186,0
21187,0
21188,0
21189,0
21190,0
21191,1
21192,0
21193,1
21194,0
21195,0
21196,0
21197,0
21198,0
21199,0
21200,0
21201,0
21202,0
21203,0
21204,0
21205,0
21206,0
21207,1
21208,1
21209,0
21210,0
21211,0
21212,0
21213,0
21214,0
21215,0
21216,0
21217,0
21218,0
21219,0
21220,0
21221,0
21222,0
21223,0
21224,0
21225,1
21226,0
21227,0
21228,1
21229,0
21230,0
21231,0
21232,0
21233,0
21234,0
21235,0
21236,0
21237,1
21238,1
21239,0
21240,0
21241,1
21242,0
21243,0
21244,0
21245,1
21246,0
21247,0
21248,1
21249,0
21250,1
21251,0
21252,0
21253,0
21254,0
21255,0
21256,1
21257,0
21258,0
21259,0
21260,0
21261,0
21262,0
21263,0
21264,1
21265,0
21266,0
21267,0
21268,0
21269,0
21270,0
21271,0
21272,0
21273,1
21274,0
21275,1
21276,0
21277,1
21278,0
21279,1
21280,0
21281,0
21282,0
21283,0
21284,0
21285,1
21286,1
21287,0
21288,1
21289,0
21290,0
21291,1
21292,0
21293,0
21294,0
21295,0
21296,1
21297,0
21298,0
21299,1
21300,1
21301,0
21302,0
21303,1
21304,1
21305,1
21306,1
21307,0
21308,1
21309,0
21310,1
21311,0
21312,1
21313,0
21314,0
21315,0
21316,1
21317,1
21318,0
21319,1
21320,1
21321,0
21322,0
21323,0
21324,0
21325,1
21326,0
21327,0
21328,1
21329,0
21330,1
21331,0
21332,1
21333,0
21334,0
21335,0
21336,1
21337,0
21338,0
21339,0
21340,0
21341,0
21342,0
21343,1
21344,0
21345,0
21346,0
21347,0
21348,0
21349,1
21350,0
21351,1
21352,0
21353,0
21354,0
21355,0
21356,0
21357,0
21358,0
21359,0
21360,0
21361,1
21362,1
21363,0
21364,0
21365,0
21366,0
21367,1
21368,0
21369,0
21370,0
21371,1
21372,1
21373,0
21374,0
21375,1
21376,1
21377,1
21378,0
21379,0
21380,0
21381,0
21382,0
21383,0
21384,0
21385,1
21386,1
21387,0
21388,1
21389,0
21390,0
21391,0
21392,1
21393,0
21394,1
21395,0
21396,0
21397,1
21398,0
21399,0
21400,1
21401,0
21402,1
21403,0
21404,0
21405,0
21406,0
21407,0
21408,0
21409,1
21410,1
21411,1
21412,0
21413,0
21414,0
21415,0
21416,0
21417,1
21418,0
21419,0
21420,1
21421,1
21422,0
21423,1
21424,0
21425,0
21426,1
21427,0
21428,0
21429,0
21430,0
21431,0
21432,1
21433,0
21434,0
21435,1
21436,0
21437,0
21438,0
21439,1
21440,0
21441,0
21442,1
21443,0
21444,0
21445,0
21446,0
21447,0
21448,1
21449,1
21450,0
21451,0
21452,1
21453,1
21454,0
21455,0
21456,0
21457,0
21458,0
21459,0
21460,0
21461,0
21462,0
21463,1
21464,1
21465,0
21466,1
21467,1
21468,1
21469,0
21470,0
21471,0
21472,1
21473,0
21474,0
21475,1
21476,1
21477,0
21478,0
21479,0
21480,0
21481,0
21482,1
21483,0
21484,0
21485,1
21486,0
21487,1
21488,1
21489,0
21490,1
21491,0
21492,1
21493,0
21494,0
21495,1
21496,1
21497,0
21498,0
21499,0
21500,0
21501,0
21502,1
21503,0
21504,0
21505,1
21506,0
21507,1
21508,0
21509,0
21510,1
21511,0
21512,0
21513,1
21514,0
21515,1
21516,1
21517,0
21518,0
21519,0
21520,0
21521,0
21522,0
21523,0
21524,0
21525,0
21526,0
21527,0
21528,0
21529,1
21530,0
21531,0
21532,1
21533,0
21534,1
21535,0
21536,1
21537,1
21538,1
21539,0
21540,1
21541,0
21542,0
21543,0
21544,0
21545,0
21546,1
21547,0
21548,0
21549,0
21550,0
21551,0
21552,0
21553,0
21554,0
21555,0
21556,0
21557,0
21558,1
21559,1
21560,0
21561,1
21562,0
21563,0
21564,1
21565,0
21566,0
21567,0
21568,0
21569,0
21570,0
21571,0
21572,0
21573,1
21574,1
21575,0
21576,0
21577,1
21578,1
21579,1
21580,0
21581,0
21582,0
21583,0
21584,0
21585,1
21586,0
21587,0
21588,0
21589,1
21590,0
21591,0
21592,0
21593,0
21594,1
21595,1
21596,0
21597,0
21598,0
21599,0
21600,1
21601,0
21602,0
21603,1
21604,0
21605,1
21606,0
21607,0
21608,0
21609,0
21610,0
21611,0
21612,0
21613,1
21614,0
21615,0
21616,0
21617,1
21618,0
21619,0
21620,0
21621,1
21622,0
21623,1
21624,1
21625,0
21626,0
21627,0
21628,0
21629,0
21630,0
21631,1
21632,0
21633,1
21634,0
21635,0
21636,0
21637,0
21638,0
21639,0
21640,0
21641,0
21642,1
21643,1
21644,0
21645,0
21646,1
21647,1
21648,1
21649,0
21650,0
21651,0
21652,1
21653,1
21654,1
21655,1
21656,0
21657,1
21658,1
21659,0
21660,0
21661,0
21662,0
21663,0
21664,0
21665,1
21666,0
21667,1
21668,0
21669,1
21670,0
21671,0
21672,0
21673,1
21674,0
21675,0
21676,0
21677,1
21678,1
21679,0
21680,1
21681,0
21682,0
21683,0
21684,1
21685,0
21686,1
21687,0
21688,0
21689,0
21690,1
21691,1
21692,0
21693,1
21694,0
21695,1
21696,1
21697,0
21698,1
21699,0
21700,1
21701,0
21702,0
21703,1
21704,1
21705,0
21706,1
21707,0
21708,1
21709,1
21710,0
21711,0
21712,0
21713,0
21714,0
21715,0
21716,0
21717,0
21718,0
21719,0
21720,0
21721,0
21722,1
21723,0
21724,1
21725,0
21726,0
21727,1
21728,1
21729,0
21730,1
21731,0
21732,0
21733,1
21734,0
21735,0
21736,0
21737,0
21738,0
21739,0
21740,0
21741,0
21742,0
21743,0
21744,0
21745,0
21746,0
21747,1
21748,1
21749,0
21750,0
21751,0
21752,0
21753,0
21754,0
21755,1
21756,0
21757,0
21758,0
21759,0
21760,1
21761,0
21762,1
21763,1
21764,0
21765,1
21766,0
21767,0
21768,1
21769,1
21770,0
21771,1
21772,0
21773,0
21774,0
21775,1
21776,1
21777,0
21778,0
21779,0
21780,0
21781,0
21782,0
21783,0
21784,0
21785,1
21786,0
21787,0
21788,0
21789,0
21790,0
21791,0
21792,1
21793,1
21794,0
21795,1
21796,1
21797,0
21798,0
21799,0
21800,0
21801,0
21802,0
21803,1
21804,0
21805,0
21806,0
21807,1
21808,1
21809,1
21810,1
21811,0
21812,0
21813,1
21814,0
21815,0
21816,0
21817,1
21818,0
21819,0
21820,1
21821,1
21822,0
21823,0
21824,0
21825,0
21826,0
21827,0
21828,0
21829,0
21830,1
21831,1
21832,0
21833,0
21834,0
21835,0
21836,0
21837,0
21838,0
21839,0
21840,0
21841,1
21842,1
21843,0
21844,0
21845,0
21846,0
21847,0
21848,1
21849,0
21850,1
21851,0
21852,1
21853,0
21854,0
21855,1
21856,0
21857,0
21858,0
21859,1
21860,0
21861,0
21862,1
21863,0
21864,0
21865,0
21866,1
21867,0
21868,0
21869,1
21870,1
21871,0
21872,0
21873,1
21874,0
21875,0
21876,0
21877,0
21878,0
21879,0
21880,0
21881,0
21882,0
21883,0
21884,0
21885,0
21886,1
21887,0
21888,0
21889,0
21890,0
21891,0
21892,0
21893,1
21894,0
21895,1
21896,1
21897,0
21898,0
21899,0
21900,0
21901,1
21902,0
21903,0
21904,0
21905,0
21906,0
21907,0
21908,0
21909,0
21910,0
21911,0
21912,0
21913,0
21914,0
21915,1
21916,0
21917,0
21918,0
21919,0
21920,0
21921,1
21922,0
21923,1
21924,0
21925,0
21926,0
21927,0
21928,0
21929,0
21930,0
21931,0
21932,0
21933,0
21934,0
21935,1
21936,0
21937,0
21938,0
21939,1
21940,1
21941,0
21942,0
21943,1
21944,0
21945,0
21946,0
21947,0
21948,1
21949,0
21950,1
21951,1
21952,0
21953,1
21954,0
21955,0
21956,0
21957,0
21958,0
21959,1
21960,0
21961,1
21962,0
21963,0
21964,0
21965,1
21966,0
21967,0
21968,0
21969,0
21970,0
21971,0
21972,0
21973,1
21974,1
21975,1
21976,0
21977,0
21978,1
21979,1
21980,0
21981,0
21982,0
21983,0
21984,0
21985,0
21986,0
21987,0
21988,0
21989,1
21990,0
21991,0
21992,0
21993,0
21994,0
21995,0
21996,0
21997,0
21998,0
21999,0
22000,0
22001,0
22002,1
22003,0
22004,0
22005,0
22006,0
22007,0
22008,0
22009,0
22010,1
22011,0
22012,0
22013,1
22014,0
22015,0
22016,0
22017,0
22018,1
22019,0
22020,0
22021,1
22022,0
22023,0
22024,1
22025,1
22026,0
22027,1
22028,0
22029,0
22030,0
22031,1
22032,0
22033,1
22034,1
22035,0
22036,0
22037,0
22038,0
22039,0
22040,0
22041,1
22042,0
22043,0
22044,1
22045,0
22046,0
22047,1
22048,0
22049,0
22050,0
22051,0
22052,0
22053,0
22054,0
22055,1
22056,0
22057,0
22058,0
22059,0
22060,1
22061,0
22062,0
22063,0
22064,1
22065,1
22066,0
22067,0
22068,0
22069,1
22070,0
22071,0
22072,0
22073,0
22074,1
22075,0
22076,1
22077,0
22078,1
22079,0
22080,0
22081,0
22082,1
22083,1
22084,0
22085,0
22086,0
22087,0
22088,0
22089,0
22090,0
22091,0
22092,0
22093,1
22094,0
22095,0
22096,0
22097,0
22098,0
22099,1
22100,0
22101,0
22102,0
22103,0
22104,1
22105,1
22106,1
22107,0
22108,1
22109,1
22110,1
22111,1
22112,0
22113,1
22114,0
22115,0
22116,0
22117,0
22118,0
22119,0
22120,0
22121,0
22122,0
22123,1
22124,0
22125,1
22126,0
22127,0
22128,0
22129,0
22130,0
22131,0
22132,0
22133,0
22134,0
22135,1
22136,0
22137,0
22138,0
22139,1
22140,0
22141,1
22142,0
22143,0
22144,0
22145,0
22146,1
22147,0
22148,0
22149,0
22150,0
22151,1
22152,0
22153,1
22154,0
22155,0
22156,0
22157,0
22158,0
22159,0
22160,0
22161,0
22162,0
22163,0
22164,0
22165,0
22166,0
22167,0
22168,0
22169,0
22170,1
22171,1
22172,0
22173,1
22174,0
22175,0
22176,0
22177,1
22178,1
22179,0
22180,0
22181,0
22182,1
22183,0
22184,0
22185,1
22186,0
22187,1
22188,1
22189,0
22190,0
22191,0
22192,0
22193,1
22194,0
22195,0
22196,0
22197,1
22198,0
22199,0
22200,0
22201,0
22202,0
22203,0
22204,0
22205,1
22206,0
22207,0
22208,1
22209,0
22210,1
22211,0
22212,0
22213,0
22214,0
22215,0
22216,1
22217,0
22218,0
22219,1
22220,0
22221,0
22222,1
22223,1
22224,1
22225,0
22226,0
22227,0
22228,0
22229,0
22230,0
22231,0
22232,0
22233,1
22234,1
22235,0
22236,0
22237,0
22238,1
22239,1
22240,1
22241,0
22242,1
22243,0
22244,1
22245,1
22246,1
22247,1
22248,0
22249,1
22250,0
22251,0
22252,0
22253,1
22254,0
22255,0
22256,0
22257,0
22258,1
22259,0
22260,1
22261,1
22262,0
22263,0
22264,1
22265,0
22266,0
22267,1
22268,0
22269,0
22270,0
22271,0
22272,0
22273,0
22274,0
22275,0
22276,1
22277,0
22278,0
22279,0
22280,0
22281,0
22282,0
22283,0
22284,0
22285,1
22286,0
22287,0
22288,0
22289,0
22290,0
22291,1
22292,0
22293,0
22294,1
22295,1
22296,1
22297,0
22298,0
22299,0
22300,0
22301,0
22302,0
22303,0
22304,1
22305,0
22306,0
22307,0
22308,0
22309,1
22310,1
22311,1
22312,0
22313,0
22314,1
22315,0
22316,1
22317,1
22318,0
22319,0
22320,0
22321,0
22322,0
22323,0
22324,1
22325,0
22326,0
22327,0
22328,0
22329,0
22330,0
22331,0
22332,1
22333,1
22334,0
22335,0
22336,0
22337,1
22338,0
22339,0
22340,0
22341,0
22342,0
22343,1
22344,1
22345,0
22346,0
22347,0
22348,0
22349,0
22350,1
22351,0
22352,0
22353,1
22354,0
22355,1
22356,1
22357,0
22358,0
22359,0
22360,0
22361,0
22362,1
22363,0
22364,0
22365,0
22366,0
22367,0
22368,0
22369,1
22370,0
22371,0
22372,0
22373,1
22374,0
22375,0
22376,1
22377,1
22378,1
22379,0
22380,0
22381,1
22382,1
22383,0
22384,1
22385,1
22386,1
22387,0
22388,0
22389,0
22390,0
22391,0
22392,0
22393,0
22394,1
22395,0
22396,0
22397,0
22398,0
22399,1
22400,0
22401,0
22402,0
22403,0
22404,1
22405,0
22406,0
22407,0
22408,1
22409,1
22410,0
22411,0
22412,0
22413,0
22414,0
22415,0
22416,1
22417,0
22418,0
22419,0
22420,1
22421,0
22422,0
22423,0
22424,1
22425,0
22426,0
22427,0
22428,0
22429,0
22430,0
22431,0
22432,1
22433,0
22434,1
22435,0
22436,1
22437,0
22438,0
22439,0
22440,0
22441,0
22442,0
22443,0
22444,1
22445,1
22446,0
22447,0
22448,1
22449,0
22450,1
22451,0
22452,0
22453,0
22454,0
22455,1
22456,0
22457,0
22458,1
22459,0
22460,1
22461,1
22462,0
22463,0
22464,0
22465,0
22466,0
22467,0
22468,0
22469,1
22470,0
22471,0
22472,1
22473,0
22474,0
22475,1
22476,0
22477,0
22478,0
22479,0
22480,0
22481,0
22482,0
22483,0
22484,0
22485,1
22486,1
22487,1
22488,1
22489,0
22490,0
22491,0
22492,0
22493,0
22494,1
22495,1
22496,0
22497,1
22498,1
22499,1
22500,1
22501,1
22502,0
22503,0
22504,0
22505,0
22506,0
22507,0
22508,0
22509,0
22510,0
22511,0
22512,1
22513,0
22514,0
22515,1
22516,0
22517,1
22518,0
22519,0
22520,1
22521,0
22522,0
22523,0
22524,0
22525,1
22526,0
22527,0
22528,0
22529,1
22530,1
22531,0
22532,1
22533,0
22534,0
22535,0
22536,1
22537,0
22538,0
22539,0
22540,0
22541,0
22542,1
22543,0
22544,0
22545,0
22546,0
22547,1
22548,0
22549,0
22550,0
22551,0
22552,0
22553,1
22554,1
22555,0
22556,1
22557,0
22558,0
22559,0
22560,0
22561,1
22562,0
22563,1
22564,0
22565,0
22566,0
22567,1
22568,0
22569,1
22570,0
22571,1
22572,0
22573,1
22574,0
22575,1
22576,0
22577,0
22578,0
22579,1
22580,0
22581,0
22582,0
22583,0
22584,0
22585,0
22586,1
22587,1
22588,0
22589,1
22590,1
22591,0
22592,0
22593,0
22594,0
22595,0
22596,1
22597,0
22598,0
22599,1
22600,0
22601,0
22602,0
22603,1
22604,0
22605,0
22606,0
22607,0
22608,0
22609,1
22610,1
22611,0
22612,0
22613,0
22614,0
22615,0
22616,0
22617,0
22618,0
22619,0
22620,0
22621,0
22622,0
22623,0
22624,0
22625,0
22626,0
22627,1
22628,0
22629,0
22630,0
22631,1
22632,0
22633,0
22634,0
22635,1
22636,0
22637,0
22638,1
22639,0
22640,1
22641,0
22642,0
22643,0
22644,0
22645,0
22646,0
22647,1
22648,0
22649,0
22650,0
22651,0
22652,1
22653,0
22654,0
22655,0
22656,0
22657,0
22658,0
22659,0
22660,0
22661,0
22662,0
22663,0
22664,0
22665,0
22666,0
22667,1
22668,0
22669,0
22670,0
22671,0
22672,0
22673,1
22674,0
22675,0
22676,1
22677,0
22678,0
22679,1
22680,0
22681,0
22682,0
22683,0
22684,1
22685,1
22686,0
22687,0
22688,1
22689,0
22690,0
22691,0
22692,0
22693,0
22694,0
22695,0
22696,0
22697,0
22698,0
22699,0
22700,0
22701,1
22702,0
22703,0
22704,0
22705,1
22706,0
22707,1
22708,0
22709,0
22710,0
22711,0
22712,0
22713,0
22714,0
22715,0
22716,0
22717,0
22718,0
22719,0
22720,0
22721,0
22722,0
22723,0
22724,0
22725,0
22726,0
22727,1
22728,1
22729,1
22730,1
22731,0
22732,0
22733,0
22734,0
22735,0
22736,0
22737,1
22738,0
22739,0
22740,0
22741,0
22742,0
22743,1
22744,0
22745,0
22746,0
22747,1
22748,1
22749,0
22750,1
22751,1
22752,0
22753,1
22754,1
22755,1
22756,0
22757,1
22758,0
22759,0
22760,1
22761,0
22762,1
22763,0
22764,0
22765,1
22766,0
22767,0
22768,0
22769,0
22770,1
22771,1
22772,0
22773,1
22774,1
22775,0
22776,0
22777,0
22778,0
22779,0
22780,0
22781,0
22782,0
22783,0
22784,0
22785,0
22786,1
22787,0
22788,0
22789,0
22790,0
22791,1
22792,0
22793,0
22794,0
22795,0
22796,0
22797,0
22798,1
22799,1
22800,0
22801,0
22802,0
22803,0
22804,0
22805,0
22806,1
22807,0
22808,0
22809,0
22810,0
22811,0
22812,0
22813,0
22814,0
22815,0
22816,1
22817,0
22818,0
22819,0
22820,0
22821,0
22822,0
22823,0
22824,0
22825,0
22826,1
22827,0
22828,1
22829,0
22830,1
22831,1
22832,0
22833,0
22834,1
22835,1
22836,0
22837,1
22838,0
22839,0
22840,0
22841,1
22842,1
22843,0
22844,0
22845,0
22846,0
22847,0
22848,0
22849,0
22850,0
22851,0
22852,0
22853,0
22854,1
22855,0
22856,0
22857,0
22858,1
22859,0
22860,0
22861,0
22862,0
22863,1
22864,1
22865,0
22866,0
22867,0
22868,0
22869,0
22870,1
22871,0
22872,0
22873,1
22874,0
22875,0
22876,1
22877,0
22878,0
22879,1
22880,1
22881,1
22882,1
22883,1
22884,0
22885,0
22886,0
22887,0
22888,0
22889,0
22890,0
22891,0
22892,0
22893,0
22894,0
22895,0
22896,1
22897,0
22898,1
22899,1
22900,0
22901,1
22902,0
22903,0
22904,1
22905,0
22906,0
22907,0
22908,0
22909,1
22910,0
22911,0
22912,0
22913,0
22914,0
22915,0
22916,0
22917,0
22918,0
22919,0
22920,0
22921,0
22922,0
22923,0
22924,1
22925,0
22926,0
22927,0
22928,1
22929,0
22930,0
22931,1
22932,0
22933,1
22934,1
22935,0
22936,1
22937,0
22938,1
22939,1
22940,1
22941,0
22942,1
22943,0
22944,0
22945,1
22946,0
22947,0
22948,1
22949,0
22950,0
22951,0
22952,1
22953,0
22954,0
22955,1
22956,0
22957,0
22958,0
22959,0
22960,0
22961,0
22962,1
22963,1
22964,0
22965,0
22966,0
22967,0
22968,0
22969,0
22970,0
22971,1
22972,0
22973,0
22974,0
22975,0
22976,0
22977,0
22978,0
22979,0
22980,0
22981,0
22982,0
22983,0
22984,0
22985,1
22986,0
22987,1
22988,0
22989,0
22990,0
22991,0
22992,1
22993,0
22994,0
22995,0
22996,0
22997,0
22998,0
22999,0
23000,0
23001,0
23002,0
23003,0
23004,0
23005,0
23006,0
23007,0
23008,0
23009,0
23010,0
23011,1
23012,0
23013,0
23014,0
23015,0
23016,1
23017,0
23018,0
23019,0
23020,0
23021,1
23022,0
23023,0
23024,0
23025,0
23026,0
23027,1
23028,1
23029,1
23030,0
23031,0
23032,0
23033,0
23034,0
23035,0
23036,0
23037,0
23038,0
23039,1
23040,1
23041,0
23042,0
23043,1
23044,0
23045,0
23046,1
23047,0
23048,1
23049,1
23050,0
23051,0
23052,0
23053,1
23054,0
23055,1
23056,0
23057,0
23058,1
23059,0
23060,1
23061,1
23062,1
23063,0
23064,1
23065,0
23066,0
23067,0
23068,0
23069,0
23070,0
23071,0
23072,1
23073,0
23074,0
23075,0
23076,0
23077,1
23078,1
23079,0
23080,0
23081,1
23082,0
23083,0
23084,0
23085,0
23086,0
23087,0
23088,0
23089,0
23090,1
23091,0
23092,0
23093,0
23094,0
23095,0
23096,0
23097,0
23098,1
23099,1
23100,0
23101,0
23102,1
23103,0
23104,0
23105,1
23106,0
23107,0
23108,0
23109,0
23110,0
23111,1
23112,0
23113,0
23114,0
23115,0
23116,0
23117,1
23118,1
23119,0
23120,1
23121,0
23122,0
23123,0
23124,0
23125,0
23126,0
23127,0
23128,0
23129,0
23130,0
23131,1
23132,0
23133,1
23134,0
23135,1
23136,0
23137,0
23138,1
23139,0
23140,0
23141,1
23142,0
23143,0
23144,0
23145,0
23146,0
23147,1
23148,0
23149,0
23150,1
23151,0
23152,1
23153,0
23154,1
23155,0
23156,0
23157,1
23158,0
23159,0
23160,1
23161,0
23162,0
23163,0
23164,0
23165,0
23166,0
23167,1
23168,0
23169,1
23170,1
23171,0
23172,0
23173,0
23174,1
23175,0
23176,1
23177,0
23178,1
23179,0
23180,0
23181,0
23182,0
23183,0
23184,0
23185,0
23186,0
23187,1
23188,0
23189,1
23190,0
23191,0
23192,0
23193,0
23194,0
23195,0
23196,1
23197,0
23198,0
23199,1
23200,0
23201,1
23202,0
23203,1
23204,0
23205,0
23206,0
23207,1
23208,0
23209,0
23210,1
23211,0
23212,0
23213,0
23214,0
23215,1
23216,0
23217,1
23218,0
23219,1
23220,0
23221,0
23222,0
23223,0
23224,0
23225,0
23226,0
23227,0
23228,1
23229,0
23230,0
23231,0
23232,0
23233,1
23234,0
23235,0
23236,0
23237,0
23238,1
23239,0
23240,0
23241,0
23242,0
23243,0
23244,0
23245,0
23246,1
23247,1
23248,0
23249,0
23250,0
23251,1
23252,1
23253,0
23254,1
23255,0
23256,1
23257,1
23258,0
23259,0
23260,0
23261,0
23262,0
23263,0
23264,1
23265,1
23266,1
23267,0
23268,0
23269,1
23270,0
23271,1
23272,0
23273,1
23274,0
23275,0
23276,0
23277,0
23278,0
23279,0
23280,0
23281,0
23282,0
23283,0
23284,0
23285,0
23286,1
23287,1
23288,1
23289,0
23290,0
23291,1
23292,1
23293,1
23294,0
23295,0
23296,0
23297,0
23298,0
23299,1
23300,0
23301,1
23302,0
23303,0
23304,0
23305,0
23306,0
23307,0
23308,0
23309,1
23310,1
23311,0
23312,1
23313,1
23314,0
23315,1
23316,1
23317,0
23318,0
23319,0
23320,1
23321,0
23322,0
23323,1
23324,0
23325,1
23326,0
23327,0
23328,0
23329,0
23330,0
23331,0
23332,1
23333,1
23334,0
23335,1
23336,0
23337,0
23338,0
23339,0
23340,1
23341,0
23342,0
23343,1
23344,1
23345,1
23346,0
23347,0
23348,1
23349,0
23350,0
23351,1
23352,0
23353,1
23354,1
23355,0
23356,0
23357,1
23358,1
23359,1
23360,0
23361,0
23362,1
23363,1
23364,0
23365,0
23366,0
23367,0
23368,0
23369,0
23370,0
23371,0
23372,0
23373,0
23374,1
23375,0
23376,1
23377,0
23378,0
23379,0
23380,0
23381,0
23382,0
23383,0
23384,0
23385,0
23386,1
23387,0
23388,1
23389,0
23390,1
23391,0
23392,1
23393,0
23394,0
23395,0
23396,1
23397,0
23398,1
23399,1
23400,0
23401,0
23402,0
23403,1
23404,1
23405,0
23406,0
23407,0
23408,0
23409,0
23410,0
23411,0
23412,1
23413,0
23414,0
23415,0
23416,1
23417,1
23418,0
23419,1
23420,0
23421,0
23422,0
23423,1
23424,1
23425,1
23426,1
23427,0
23428,0
23429,0
23430,0
23431,0
23432,0
23433,1
23434,1
23435,0
23436,0
23437,0
23438,0
23439,0
23440,0
23441,0
23442,0
23443,0
23444,0
23445,0
23446,0
23447,1
23448,0
23449,1
23450,1
23451,0
23452,0
23453,0
23454,0
23455,0
23456,0
23457,0
23458,0
23459,0
23460,0
23461,0
23462,1
23463,1
23464,1
23465,0
23466,0
23467,0
23468,1
23469,1
23470,0
23471,0
23472,0
23473,0
23474,1
23475,1
23476,0
23477,0
23478,1
23479,1
23480,0
23481,0
23482,1
23483,0
23484,1
23485,1
23486,0
23487,1
23488,1
23489,0
23490,0
23491,1
23492,0
23493,0
23494,0
23495,0
23496,0
23497,0
23498,0
23499,0
23500,1
23501,0
23502,1
23503,0
23504,1
23505,0
23506,0
23507,0
23508,0
23509,0
23510,1
23511,1
23512,0
23513,0
23514,0
23515,1
23516,0
23517,1
23518,0
23519,0
23520,0
23521,0
23522,0
23523,0
23524,0
23525,1
23526,0
23527,0
23528,0
23529,0
23530,0
23531,1
23532,1
23533,0
23534,0
23535,0
23536,0
23537,1
23538,0
23539,1
23540,0
23541,0
23542,0
23543,0
23544,1
23545,1
23546,0
23547,0
23548,0
23549,0
23550,0
23551,0
23552,0
23553,0
23554,0
23555,0
23556,0
23557,0
23558,0
23559,0
23560,0
23561,1
23562,0
23563,1
23564,0
23565,0
23566,0
23567,0
23568,0
23569,0
23570,0
23571,0
23572,0
23573,0
23574,1
23575,0
23576,1
23577,1
23578,1
23579,0
23580,0
23581,0
23582,0
23583,1
23584,0
23585,1
23586,0
23587,1
23588,1
23589,0
23590,0
23591,0
23592,1
23593,0
23594,1
23595,1
23596,1
23597,0
23598,0
23599,1
23600,1
23601,1
23602,0
23603,1
23604,0
23605,0
23606,0
23607,0
23608,0
23609,0
23610,0
23611,0
23612,0
23613,1
23614,0
23615,1
23616,0
23617,0
23618,0
23619,1
23620,0
23621,0
23622,0
23623,1
23624,0
23625,1
23626,0
23627,1
23628,0
23629,1
23630,0
23631,0
23632,1
23633,0
23634,0
23635,0
23636,0
23637,0
23638,0
23639,0
23640,0
23641,0
23642,0
23643,1
23644,0
23645,0
23646,0
23647,0
23648,0
23649,0
23650,1
23651,1
23652,0
23653,0
23654,1
23655,0
23656,0
23657,0
23658,1
23659,0
23660,0
23661,0
23662,0
23663,0
23664,0
23665,1
23666,0
23667,0
23668,0
23669,1
23670,0
23671,0
23672,0
23673,1
23674,0
23675,0
23676,0
23677,0
23678,1
23679,0
23680,0
23681,1
23682,1
23683,0
23684,0
23685,0
23686,1
23687,1
23688,0
23689,0
23690,0
23691,0
23692,1
23693,0
23694,0
23695,0
23696,0
23697,0
23698,0
23699,0
23700,1
23701,1
23702,0
23703,0
23704,0
23705,0
23706,0
23707,0
23708,0
23709,0
23710,0
23711,0
23712,0
23713,0
23714,0
23715,0
23716,0
23717,0
23718,0
23719,0
23720,0
23721,0
23722,0
23723,0
23724,0
23725,1
23726,0
23727,0
23728,1
23729,0
23730,0
23731,0
23732,0
23733,0
23734,0
23735,0
23736,0
23737,1
23738,1
23739,1
23740,0
23741,1
23742,0
23743,0
23744,1
23745,0
23746,0
23747,0
23748,0
23749,1
23750,0
23751,0
23752,1
23753,0
23754,0
23755,0
23756,0
23757,0
23758,0
23759,0
23760,0
23761,0
23762,1
23763,0
23764,0
23765,0
23766,1
23767,1
23768,0
23769,0
23770,0
23771,0
23772,0
23773,0
23774,1
23775,0
23776,1
23777,0
23778,1
23779,0
23780,0
23781,0
23782,1
23783,1
23784,0
23785,0
23786,0
23787,0
23788,1
23789,1
23790,1
23791,1
23792,1
23793,0
23794,0
23795,0
23796,0
23797,0
23798,0
23799,0
23800,0
23801,1
23802,0
23803,0
23804,0
23805,0
23806,0
23807,1
23808,0
23809,1
23810,1
23811,1
23812,0
23813,0
23814,0
23815,0
23816,0
23817,0
23818,0
23819,0
23820,0
23821,0
23822,0
23823,1
23824,1
23825,0
23826,0
23827,0
23828,0
23829,0
23830,0
23831,0
23832,0
23833,0
23834,1
23835,0
23836,0
23837,0
23838,0
23839,0
23840,1
23841,1
23842,1
23843,0
23844,1
23845,0
23846,0
23847,0
23848,0
23849,0
23850,0
23851,0
23852,0
23853,0
23854,0
23855,0
23856,0
23857,0
23858,0
23859,0
23860,0
23861,0
23862,0
23863,0
23864,0
23865,1
23866,0
23867,0
23868,0
23869,0
23870,1
23871,0
23872,0
23873,1
23874,0
23875,1
23876,0
23877,0
23878,1
23879,1
23880,1
23881,0
23882,0
23883,1
23884,0
23885,0
23886,1
23887,0
23888,0
23889,0
23890,1
23891,0
23892,0
23893,1
23894,0
23895,0
23896,0
23897,1
23898,0
23899,0
23900,0
23901,1
23902,1
23903,0
23904,0
23905,0
23906,0
23907,0
23908,0
23909,0
23910,0
23911,1
23912,0
23913,1
23914,0
23915,0
23916,0
23917,0
23918,0
23919,0
23920,0
23921,1
23922,1
23923,0
23924,0
23925,0
23926,1
23927,0
23928,0
23929,1
23930,1
23931,1
23932,0
23933,0
23934,1
23935,0
23936,0
23937,0
23938,0
23939,0
23940,0
23941,1
23942,1
23943,0
23944,1
23945,0
23946,0
23947,0
23948,0
23949,0
23950,0
23951,0
23952,0
23953,0
23954,0
23955,0
23956,0
23957,1
23958,0
23959,0
23960,0
23961,0
23962,0
23963,0
23964,0
23965,0
23966,0
23967,0
23968,0
23969,0
23970,0
23971,1
23972,0
23973,0
23974,0
23975,0
23976,0
23977,1
23978,0
23979,0
23980,0
23981,0
23982,0
23983,0
23984,0
23985,0
23986,1
23987,0
23988,0
23989,1
23990,0
23991,0
23992,0
23993,0
23994,0
23995,0
23996,0
23997,1
23998,0
23999,0
24000,0
24001,0
24002,1
24003,0
24004,0
24005,0
24006,0
24007,1
24008,0
24009,0
24010,1
24011,0
24012,0
24013,0
24014,0
24015,0
24016,0
24017,0
24018,0
24019,0
24020,0
24021,1
24022,1
24023,0
24024,1
24025,1
24026,0
24027,0
24028,0
24029,0
24030,0
24031,1
24032,0
24033,0
24034,0
24035,0
24036,0
24037,0
24038,0
24039,1
24040,0
24041,0
24042,0
24043,0
24044,0
24045,0
24046,1
24047,0
24048,1
24049,0
24050,0
24051,1
24052,1
24053,0
24054,1
24055,0
24056,0
24057,0
24058,0
24059,1
24060,0
24061,0
24062,0
24063,1
24064,0
24065,0
24066,0
24067,0
24068,0
24069,1
24070,0
24071,1
24072,1
24073,1
24074,0
24075,1
24076,0
24077,1
24078,1
24079,0
24080,1
24081,1
24082,0
24083,1
24084,0
24085,1
24086,0
24087,1
24088,1
24089,0
24090,0
24091,0
24092,0
24093,0
24094,0
24095,0
24096,0
24097,0
24098,0
24099,0
24100,0
24101,1
24102,0
24103,1
24104,0
24105,1
24106,1
24107,0
24108,0
24109,1
24110,0
24111,1
24112,0
24113,1
24114,0
24115,0
24116,0
24117,1
24118,0
24119,1
24120,0
24121,1
24122,1
24123,0
24124,1
24125,1
24126,0
24127,0
24128,0
24129,0
24130,0
24131,0
24132,0
24133,0
24134,1
24135,1
24136,0
24137,0
24138,0
24139,0
24140,1
24141,0
24142,0
24143,0
24144,0
24145,0
24146,1
24147,0
24148,0
24149,0
24150,0
24151,1
24152,0
24153,0
24154,0
24155,0
24156,1
24157,0
24158,0
24159,1
24160,0
24161,0
24162,0
24163,0
24164,0
24165,0
24166,0
24167,0
24168,0
24169,0
24170,1
24171,0
24172,0
24173,1
24174,0
24175,1
24176,0
24177,1
24178,0
24179,1
24180,0
24181,1
24182,0
24183,0
24184,0
24185,0
24186,1
24187,1
24188,0
24189,1
24190,0
24191,0
24192,1
24193,0
24194,0
24195,0
24196,0
24197,0
24198,0
24199,1
24200,0
24201,0
24202,1
24203,0
24204,0
24205,0
24206,0
24207,0
24208,0
24209,0
24210,0
24211,1
24212,1
24213,0
24214,0
24215,0
24216,0
24217,1
24218,0
24219,0
24220,0
24221,1
24222,1
24223,1
24224,1
24225,0
24226,1
24227,0
24228,0
24229,0
24230,0
24231,1
24232,0
24233,0
24234,0
24235,0
24236,0
24237,0
24238,1
24239,0
24240,0
24241,0
24242,0
24243,0
24244,1
24245,0
24246,0
24247,0
24248,1
24249,1
24250,0
24251,0
24252,1
24253,0
24254,0
24255,1
24256,0
24257,0
24258,0
24259,0
24260,0
24261,0
24262,0
24263,0
24264,0
24265,0
24266,0
24267,0
24268,0
24269,0
24270,0
24271,0
24272,0
24273,0
24274,0
24275,1
24276,0
24277,1
24278,0
24279,0
24280,1
24281,0
24282,1
24283,0
24284,1
24285,1
24286,1
24287,0
24288,0
24289,0
24290,1
24291,0
24292,1
24293,0
24294,1
24295,0
24296,0
24297,0
24298,0
24299,0
24300,0
24301,0
24302,1
24303,0
24304,0
24305,0
24306,0
24307,0
24308,0
24309,0
24310,1
24311,0
24312,0
24313,0
24314,0
24315,0
24316,0
24317,0
24318,0
24319,0
24320,0
24321,0
24322,0
24323,1
24324,0
24325,0
24326,0
24327,0
24328,0
24329,1
24330,0
24331,0
24332,0
24333,0
24334,0
24335,1
24336,0
24337,1
24338,0
24339,0
24340,1
24341,0
24342,0
24343,0
24344,0
24345,0
24346,0
24347,0
24348,0
24349,1
24350,1
24351,1
24352,0
24353,0
24354,0
24355,0
24356,0
24357,0
24358,1
24359,0
24360,1
24361,0
24362,0
24363,0
24364,0
24365,1
24366,0
24367,0
24368,0
24369,1
24370,0
24371,1
24372,0
24373,0
24374,1
24375,1
24376,0
24377,0
24378,0
24379,0
24380,0
24381,0
24382,1
24383,0
24384,0
24385,0
24386,0
24387,1
24388,0
24389,0
24390,0
24391,0
24392,1
24393,1
24394,0
24395,0
24396,0
24397,0
24398,0
24399,0
24400,0
24401,1
24402,0
24403,0
24404,0
24405,0
24406,1
24407,0
24408,0
24409,0
24410,0
24411,0
24412,0
24413,0
24414,0
24415,0
24416,0
24417,0
24418,0
24419,0
24420,1
24421,0
24422,0
24423,1
24424,1
24425,0
24426,0
24427,0
24428,1
24429,0
24430,1
24431,0
24432,0
24433,0
24434,0
24435,0
24436,0
24437,1
24438,0
24439,1
24440,1
24441,1
24442,0
24443,0
24444,0
24445,0
24446,0
24447,0
24448,0
24449,0
24450,0
24451,0
24452,0
24453,0
24454,1
24455,0
24456,0
24457,0
24458,0
24459,1
24460,1
24461,1
24462,0
24463,0
24464,1
24465,0
24466,1
24467,0
24468,0
24469,0
24470,0
24471,0
24472,0
24473,0
24474,0
24475,0
24476,0
24477,1
24478,1
24479,0
24480,0
24481,0
24482,0
24483,0
24484,0
24485,0
24486,1
24487,1
24488,0
24489,0
24490,0
24491,0
24492,0
24493,0
24494,1
24495,0
24496,0
24497,1
24498,0
24499,0
24500,1
24501,1
24502,0
24503,0
24504,1
24505,0
24506,1
24507,0
24508,0
24509,0
24510,0
24511,1
24512,0
24513,1
24514,1
24515,0
24516,1
24517,1
24518,1
24519,0
24520,0
24521,0
24522,0
24523,0
24524,0
24525,1
24526,1
24527,0
24528,0
24529,0
24530,1
24531,1
24532,1
24533,0
24534,1
24535,0
24536,0
24537,0
24538,0
24539,0
24540,0
24541,0
24542,0
24543,1
24544,0
24545,0
24546,0
24547,0
24548,1
24549,0
24550,0
24551,0
24552,0
24553,0
24554,0
24555,0
24556,0
24557,1
24558,0
24559,1
24560,0
24561,0
24562,0
24563,0
24564,1
24565,0
24566,0
24567,0
24568,1
24569,0
24570,1
24571,0
24572,0
24573,0
24574,0
24575,0
24576,0
24577,0
24578,1
24579,0
24580,0
24581,1
24582,0
24583,0
24584,0
24585,1
24586,0
24587,0
24588,0
24589,0
24590,1
24591,1
24592,0
24593,0
24594,0
24595,1
24596,0
24597,0
24598,0
24599,0
24600,0
24601,0
24602,1
24603,0
24604,0
24605,0
24606,0
24607,0
24608,0
24609,0
24610,0
24611,0
24612,0
24613,1
24614,0
24615,0
24616,0
24617,0
24618,0
24619,1
24620,0
24621,1
24622,0
24623,0
24624,0
24625,1
24626,0
24627,0
24628,1
24629,0
24630,0
24631,0
24632,1
24633,0
24634,1
24635,1
24636,1
24637,0
24638,0
24639,0
24640,1
24641,1
24642,0
24643,0
24644,0
24645,0
24646,0
24647,1
24648,0
24649,0
24650,0
24651,0
24652,0
24653,0
24654,0
24655,0
24656,1
24657,1
24658,0
24659,0
24660,0
24661,1
24662,1
24663,0
24664,0
24665,1
24666,1
24667,0
24668,0
24669,0
24670,1
24671,0
24672,1
24673,1
24674,1
24675,1
24676,0
24677,0
24678,0
24679,1
24680,1
24681,0
24682,0
24683,0
24684,0
24685,0
24686,0
24687,0
24688,0
24689,0
24690,0
24691,0
24692,0
24693,0
24694,0
24695,1
24696,0
24697,0
24698,0
24699,0
24700,0
24701,0
24702,0
24703,0
24704,1
24705,0
24706,1
24707,0
24708,0
24709,0
24710,1
24711,0
24712,0
24713,0
24714,0
24715,0
24716,0
24717,1
24718,1
24719,0
24720,0
24721,0
24722,0
24723,0
24724,1
24725,1
24726,0
24727,0
24728,0
24729,1
24730,0
24731,1
24732,0
24733,0
24734,1
24735,1
24736,0
24737,0
24738,0
24739,0
24740,0
24741,1
24742,0
24743,1
24744,1
24745,0
24746,0
24747,0
24748,0
24749,0
24750,1
24751,1
24752,1
24753,0
24754,0
24755,0
24756,0
24757,0
24758,1
24759,1
24760,0
24761,0
24762,0
24763,0
24764,0
24765,0
24766,0
24767,1
24768,0
24769,0
24770,0
24771,0
24772,0
24773,1
24774,0
24775,0
24776,0
24777,0
24778,0
24779,1
24780,1
24781,1
24782,0
24783,0
24784,1
24785,1
24786,0
24787,0
24788,0
24789,0
24790,0
24791,0
24792,1
24793,1
24794,0
24795,1
24796,0
24797,0
24798,0
24799,0
24800,0
24801,0
24802,0
24803,0
24804,0
24805,0
24806,0
24807,0
24808,1
24809,0
24810,0
24811,0
24812,1
24813,0
24814,0
24815,0
24816,1
24817,0
24818,0
24819,0
24820,0
24821,1
24822,0
24823,1
24824,1
24825,0
24826,0
24827,0
24828,0
24829,0
24830,1
24831,0
24832,0
24833,0
24834,1
24835,0
24836,1
24837,0
24838,0
24839,1
24840,0
24841,0
24842,1
24843,1
24844,0
24845,0
24846,0
24847,0
24848,0
24849,0
24850,0
24851,0
24852,0
24853,0
24854,0
24855,0
24856,0
24857,1
24858,0
24859,1
24860,0
24861,0
24862,0
24863,0
24864,0
24865,0
24866,0
24867,0
24868,0
24869,1
24870,0
24871,0
24872,0
24873,0
24874,0
24875,0
24876,0
24877,1
24878,0
24879,0
24880,0
24881,0
24882,0
24883,0
24884,0
24885,1
24886,0
24887,0
24888,0
24889,1
24890,1
24891,1
24892,1
24893,0
24894,0
24895,0
24896,0
24897,1
24898,0
24899,0
24900,0
24901,0
24902,0
24903,1
24904,0
24905,0
24906,0
24907,1
24908,0
24909,1
24910,0
24911,0
24912,1
24913,1
24914,0
24915,0
24916,1
24917,0
24918,0
24919,0
24920,0
24921,0
24922,0
24923,0
24924,0
24925,0
24926,0
24927,0
24928,1
24929,0
24930,1
24931,0
24932,0
24933,0
24934,0
24935,0
24936,0
24937,0
24938,0
24939,1
24940,0
24941,0
24942,1
24943,0
24944,0
24945,0
24946,1
24947,0
24948,0
24949,0
24950,1
24951,0
24952,1
24953,0
24954,0
24955,0
24956,0
24957,0
24958,0
24959,0
24960,0
24961,0
24962,0
24963,0
24964,0
24965,0
24966,0
24967,0
24968,1
24969,1
24970,1
24971,0
24972,0
24973,1
24974,1
24975,1
24976,0
24977,0
24978,0
24979,0
24980,0
24981,0
24982,0
24983,0
24984,0
24985,0
24986,0
24987,0
24988,0
24989,0
24990,1
24991,1
24992,0
24993,0
24994,0
24995,0
24996,0
24997,0
24998,1
24999,1
25000,0
25001,0
25002,0
25003,0
25004,0
25005,1
25006,0
25007,1
25008,1
25009,0
25010,0
25011,1
25012,0
25013,0
25014,0
25015,0
25016,0
25017,0
25018,0
25019,0
25020,0
25021,0
25022,0
25023,0
25024,0
25025,1
25026,0
25027,0
25028,0
25029,0
25030,0
25031,1
25032,0
25033,0
25034,0
25035,0
25036,1
25037,0
25038,0
25039,1
25040,0
25041,1
25042,0
25043,0
25044,1
25045,0
25046,0
25047,0
25048,0
25049,0
25050,0
25051,0
25052,0
25053,1
25054,0
25055,0
25056,0
25057,0
25058,0
25059,0
25060,1
25061,1
25062,1
25063,0
25064,1
25065,0
25066,0
25067,0
25068,0
25069,0
25070,1
25071,0
25072,0
25073,1
25074,0
25075,0
25076,1
25077,0
25078,0
25079,0
25080,0
25081,0
25082,1
25083,0
25084,1
25085,1
25086,1
25087,0
25088,0
25089,0
25090,1
25091,0
25092,0
25093,0
25094,0
25095,0
25096,1
25097,0
25098,1
25099,0
25100,0
25101,0
25102,0
25103,0
25104,0
25105,0
25106,1
25107,1
25108,0
25109,0
25110,0
25111,0
25112,1
25113,1
25114,0
25115,0
25116,0
25117,0
25118,0
25119,0
25120,1
25121,0
25122,1
25123,0
25124,1
25125,0
25126,0
25127,1
25128,1
25129,0
25130,1
25131,1
25132,1
25133,0
25134,0
25135,0
25136,0
25137,1
25138,0
25139,0
25140,0
25141,0
25142,0
25143,1
25144,0
25145,1
25146,0
25147,0
25148,1
25149,0
25150,0
25151,0
25152,0
25153,1
25154,0
25155,0
25156,1
25157,1
25158,0
25159,0
25160,0
25161,0
25162,0
25163,0
25164,1
25165,1
25166,1
25167,1
25168,1
25169,1
25170,0
25171,0
25172,1
25173,0
25174,0
25175,0
25176,0
25177,1
25178,0
25179,1
25180,0
25181,0
25182,0
25183,0
25184,0
25185,1
25186,1
25187,1
25188,0
25189,0
25190,0
25191,0
25192,0
25193,1
25194,0
25195,0
25196,1
25197,1
25198,0
25199,1
25200,0
25201,0
25202,0
25203,0
25204,0
25205,0
25206,0
25207,1
25208,0
25209,0
25210,0
25211,0
25212,0
25213,0
25214,1
25215,0
25216,0
25217,0
25218,1
25219,0
25220,1
25221,0
25222,0
25223,0
25224,0
25225,0
25226,0
25227,0
25228,0
25229,0
25230,1
25231,0
25232,1
25233,0
25234,0
25235,0
25236,0
25237,0
25238,0
25239,0
25240,0
25241,1
25242,0
25243,1
25244,0
25245,1
25246,0
25247,0
25248,0
25249,0
25250,1
25251,0
25252,0
25253,0
25254,0
25255,0
25256,1
25257,0
25258,0
25259,0
25260,0
25261,0
25262,0
25263,0
25264,0
25265,0
25266,1
25267,0
25268,0
25269,0
25270,0
25271,0
25272,0
25273,0
25274,0
25275,1
25276,0
25277,1
25278,1
25279,0
25280,0
25281,0
25282,0
25283,0
25284,1
25285,0
25286,0
25287,1
25288,0
25289,0
25290,0
25291,0
25292,0
25293,0
25294,0
25295,0
25296,0
25297,0
25298,0
25299,0
25300,0
25301,0
25302,1
25303,0
25304,0
25305,0
25306,0
25307,1
25308,0
25309,0
25310,0
25311,1
25312,0
25313,0
25314,0
25315,0
25316,0
25317,0
25318,0
25319,1
25320,0
25321,0
25322,0
25323,0
25324,0
25325,0
25326,0
25327,0
25328,0
25329,0
25330,1
25331,0
25332,0
25333,1
25334,0
25335,0
25336,0
25337,1
25338,0
25339,0
25340,1
25341,0
25342,0
25343,1
25344,0
25345,0
25346,0
25347,0
25348,0
25349,0
25350,1
25351,0
25352,0
25353,0
25354,0
25355,0
25356,1
25357,0
25358,0
25359,1
25360,0
25361,0
25362,0
25363,0
25364,0
25365,0
25366,0
25367,0
25368,0
25369,0
25370,0
25371,0
25372,0
25373,1
25374,0
25375,0
25376,0
25377,0
25378,1
25379,0
25380,1
25381,0
25382,0
25383,0
25384,0
25385,0
25386,0
25387,0
25388,1
25389,0
25390,0
25391,0
25392,1
25393,0
25394,0
25395,1
25396,1
25397,0
25398,1
25399,0
25400,0
25401,0
25402,1
25403,0
25404,1
25405,0
25406,1
25407,0
25408,0
25409,1
25410,0
25411,1
25412,0
25413,0
25414,1
25415,0
25416,0
25417,0
25418,0
25419,0
25420,0
25421,0
25422,1
25423,0
25424,0
25425,0
25426,1
25427,0
25428,0
25429,1
25430,0
25431,0
25432,0
25433,1
25434,0
25435,0
25436,0
25437,1
25438,1
25439,0
25440,1
25441,0
25442,1
25443,0
25444,0
25445,0
25446,0
25447,0
25448,0
25449,0
25450,0
25451,0
25452,0
25453,0
25454,1
25455,1
25456,1
25457,0
25458,0
25459,0
25460,0
25461,0
25462,0
25463,1
25464,0
25465,0
25466,1
25467,0
25468,1
25469,0
25470,1
25471,0
25472,0
25473,0
25474,0
25475,0
25476,1
25477,1
25478,0
25479,0
25480,0
25481,0
25482,0
25483,0
25484,0
25485,0
25486,1
25487,0
25488,0
25489,1
25490,0
25491,0
25492,0
25493,0
25494,0
25495,1
25496,0
25497,0
25498,0
25499,1
25500,0
25501,1
25502,0
25503,0
25504,0
25505,0
25506,0
25507,0
25508,1
25509,0
25510,0
25511,1
25512,0
25513,0
25514,0
25515,0
25516,0
25517,0
25518,1
25519,0
25520,0
25521,0
25522,0
25523,0
25524,0
25525,1
25526,0
25527,0
25528,1
25529,0
25530,0
25531,0
25532,0
25533,0
25534,0
25535,1
25536,0
25537,1
25538,0
25539,1
25540,0
25541,1
25542,1
25543,1
25544,0
25545,0
25546,0
25547,0
25548,0
25549,0
25550,0
25551,1
25552,1
25553,0
25554,0
25555,1
25556,0
25557,0
25558,1
25559,1
25560,0
25561,0
25562,0
25563,0
25564,0
25565,0
25566,0
25567,1
25568,0
25569,0
25570,0
25571,0
25572,0
25573,0
25574,0
25575,0
25576,0
25577,1
25578,0
25579,0
25580,0
25581,1
25582,0
25583,0
25584,0
25585,0
25586,1
25587,1
25588,0
25589,0
25590,0
25591,1
25592,0
25593,0
25594,0
25595,1
25596,0
25597,0
25598,1
25599,0
25600,0
25601,0
25602,0
25603,1
25604,1
25605,1
25606,0
25607,0
25608,1
25609,0
25610,1
25611,0
25612,0
25613,0
25614,0
25615,0
25616,0
25617,0
25618,0
25619,0
25620,0
25621,0
25622,1
25623,0
25624,0
25625,0
25626,1
25627,1
25628,1
25629,0
25630,1
25631,0
25632,0
25633,0
25634,0
25635,0
25636,0
25637,1
25638,0
25639,0
25640,0
25641,0
25642,0
25643,1
25644,0
25645,1
25646,0
25647,0
25648,0
25649,0
25650,1
25651,0
25652,1
25653,1
25654,0
25655,0
25656,0
25657,0
25658,0
25659,0
25660,1
25661,1
25662,0
25663,1
25664,0
25665,1
25666,0
25667,0
25668,1
25669,0
25670,0
25671,0
25672,1
25673,0
25674,0
25675,1
25676,0
25677,1
25678,0
25679,1
25680,1
25681,0
25682,1
25683,0
25684,0
25685,0
25686,1
25687,1
25688,1
25689,0
25690,0
25691,0
25692,0
25693,0
25694,0
25695,1
25696,1
25697,1
25698,0
25699,0
25700,0
25701,0
25702,0
25703,0
25704,1
25705,1
25706,0
25707,0
25708,0
25709,1
25710,0
25711,0
25712,0
25713,0
25714,0
25715,0
25716,0
25717,0
25718,1
25719,0
25720,1
25721,0
25722,0
25723,1
25724,0
25725,0
25726,1
25727,0
25728,0
25729,0
25730,1
25731,1
25732,0
25733,1
25734,0
25735,0
25736,1
25737,0
25738,0
25739,0
25740,1
25741,0
25742,0
25743,0
25744,1
25745,0
25746,0
25747,0
25748,0
25749,0
25750,0
25751,0
25752,0
25753,1
25754,1
25755,0
25756,1
25757,0
25758,0
25759,0
25760,0
25761,0
25762,1
25763,0
25764,0
25765,0
25766,0
25767,0
25768,0
25769,0
25770,0
25771,1
25772,1
25773,0
25774,0
25775,0
25776,0
25777,1
25778,0
25779,0
25780,0
25781,1
25782,1
25783,0
25784,1
25785,0
25786,1
25787,0
25788,1
25789,0
25790,0
25791,0
25792,0
25793,0
25794,1
25795,0
25796,0
25797,0
25798,1
25799,1
25800,0
25801,1
25802,0
25803,1
25804,0
25805,0
25806,0
25807,0
25808,0
25809,0
25810,0
25811,1
25812,0
25813,1
25814,0
25815,1
25816,0
25817,0
25818,0
25819,0
25820,0
25821,0
25822,1
25823,0
25824,0
25825,1
25826,0
25827,0
25828,0
25829,0
25830,1
25831,1
25832,0
25833,0
25834,0
25835,0
25836,0
25837,0
25838,0
25839,0
25840,0
25841,0
25842,0
25843,0
25844,0
25845,0
25846,0
25847,0
25848,1
25849,1
25850,0
25851,1
25852,0
25853,1
25854,0
25855,0
25856,0
25857,0
25858,0
25859,0
25860,0
25861,0
25862,0
25863,1
25864,0
25865,0
25866,0
25867,0
25868,1
25869,1
25870,1
25871,1
25872,0
25873,1
25874,0
25875,0
25876,1
25877,0
25878,0
25879,0
25880,0
25881,1
25882,0
25883,0
25884,0
25885,0
25886,0
25887,0
25888,0
25889,0
25890,0
25891,0
25892,0
25893,0
25894,0
25895,0
25896,0
25897,0
25898,1
25899,0
25900,1
25901,0
25902,0
25903,0
25904,0
25905,0
25906,0
25907,1
25908,1
25909,0
25910,0
25911,0
25912,1
25913,0
25914,0
25915,1
25916,0
25917,1
25918,0
25919,0
25920,0
25921,0
25922,0
25923,0
25924,0
25925,1
25926,1
25927,0
25928,0
25929,0
25930,0
25931,0
25932,0
25933,0
25934,1
25935,0
25936,0
25937,0
25938,0
25939,1
25940,0
25941,1
25942,0
25943,0
25944,1
25945,1
25946,0
25947,0
25948,1
25949,0
25950,1
25951,0
25952,0
25953,0
25954,0
25955,0
25956,1
25957,0
25958,0
25959,0
25960,0
25961,0
25962,0
25963,0
25964,0
25965,0
25966,0
25967,0
25968,1
25969,1
25970,1
25971,0
25972,0
25973,0
25974,0
25975,1
25976,1
25977,0
25978,1
25979,1
25980,1
25981,0
25982,1
25983,0
25984,0
25985,0
25986,1
25987,0
25988,0
25989,1
25990,0
25991,0
25992,1
25993,0
25994,0
25995,0
25996,0
25997,0
25998,0
25999,0
26000,0
26001,0
26002,0
26003,0
26004,0
26005,0
26006,0
26007,0
26008,0
26009,1
26010,0
26011,0
26012,0
26013,0
26014,0
26015,0
26016,0
26017,0
26018,0
26019,1
26020,0
26021,0
26022,1
26023,0
26024,0
26025,1
26026,0
26027,0
26028,1
26029,0
26030,1
26031,0
26032,0
26033,1
26034,0
26035,1
26036,0
26037,0
26038,0
26039,1
26040,1
26041,0
26042,0
26043,0
26044,0
26045,0
26046,0
26047,0
26048,0
26049,0
26050,0
26051,0
26052,0
26053,0
26054,0
26055,0
26056,0
26057,0
26058,1
26059,0
26060,0
26061,0
26062,0
26063,0
26064,0
26065,0
26066,0
26067,0
26068,0
26069,1
26070,0
26071,0
26072,0
26073,0
26074,0
26075,0
26076,1
26077,0
26078,1
26079,0
26080,0
26081,0
26082,1
26083,0
26084,0
26085,1
26086,1
26087,0
26088,0
26089,0
26090,0
26091,1
26092,1
26093,0
26094,0
26095,1
26096,1
26097,1
26098,0
26099,0
26100,1
26101,0
26102,0
26103,0
26104,0
26105,0
26106,0
26107,1
26108,0
26109,0
26110,0
26111,0
26112,0
26113,0
26114,0
26115,0
26116,0
26117,1
26118,0
26119,0
26120,1
26121,0
26122,0
26123,0
26124,0
26125,0
26126,1
26127,0
26128,0
26129,0
26130,0
26131,0
26132,1
26133,0
26134,0
26135,0
26136,0
26137,1
26138,0
26139,1
26140,1
26141,0
26142,1
26143,0
26144,0
26145,0
26146,0
26147,1
26148,1
26149,0
26150,0
26151,0
26152,0
26153,1
26154,0
26155,0
26156,0
26157,0
26158,0
26159,0
26160,1
26161,0
26162,0
26163,1
26164,1
26165,0
26166,0
26167,0
26168,0
26169,0
26170,0
26171,1
26172,1
26173,0
26174,0
26175,0
26176,0
26177,0
26178,0
26179,1
26180,1
26181,1
26182,0
26183,1
26184,0
26185,0
26186,1
26187,0
26188,0
26189,0
26190,0
26191,1
26192,0
26193,0
26194,1
26195,0
26196,0
26197,1
26198,0
26199,0
26200,0
26201,0
26202,1
26203,0
26204,1
26205,1
26206,0
26207,0
26208,0
26209,1
26210,1
26211,0
26212,0
26213,0
26214,0
26215,0
26216,0
26217,0
26218,0
26219,1
26220,0
26221,1
26222,0
26223,1
26224,1
26225,0
26226,1
26227,0
26228,0
26229,1
26230,1
26231,0
26232,0
26233,0
26234,0
26235,0
26236,0
26237,0
26238,1
26239,1
26240,0
26241,0
26242,1
26243,0
26244,1
26245,0
26246,1
26247,0
26248,0
26249,0
26250,0
26251,0
26252,1
26253,1
26254,1
26255,0
26256,0
26257,1
26258,0
26259,0
26260,0
26261,0
26262,1
26263,0
26264,1
26265,0
26266,1
26267,1
26268,1
26269,0
26270,0
26271,0
26272,0
26273,0
26274,0
26275,0
26276,0
26277,0
26278,0
26279,1
26280,0
26281,0
26282,1
26283,0
26284,0
26285,1
26286,0
26287,1
26288,0
26289,0
26290,0
26291,0
26292,1
26293,0
26294,0
26295,0
26296,0
26297,0
26298,0
26299,0
26300,0
26301,0
26302,1
26303,0
26304,0
26305,0
26306,0
26307,0
26308,0
26309,0
26310,1
26311,1
26312,1
26313,0
26314,1
26315,1
26316,0
26317,0
26318,0
26319,0
26320,0
26321,0
26322,1
26323,1
26324,0
26325,0
26326,0
26327,0
26328,0
26329,0
26330,0
26331,0
26332,0
26333,0
26334,0
26335,1
26336,0
26337,1
26338,1
26339,0
26340,0
26341,1
26342,1
26343,0
26344,1
26345,1
26346,0
26347,0
26348,1
26349,0
26350,1
26351,0
26352,1
26353,0
26354,0
26355,0
26356,0
26357,1
26358,0
26359,0
26360,0
26361,1
26362,0
26363,0
26364,1
26365,0
26366,0
26367,0
26368,0
26369,0
26370,0
26371,0
26372,0
26373,0
26374,0
26375,0
26376,0
26377,0
26378,0
26379,1
26380,0
26381,1
26382,0
26383,1
26384,1
26385,0
26386,0
26387,0
26388,0
26389,0
26390,0
26391,1
26392,0
26393,0
26394,1
26395,0
26396,0
26397,0
26398,0
26399,0
26400,0
26401,0
26402,0
26403,1
26404,0
26405,0
26406,0
26407,1
26408,0
26409,0
26410,0
26411,0
26412,1
26413,0
26414,0
26415,0
26416,1
26417,0
26418,0
26419,0
26420,0
26421,0
26422,0
26423,0
26424,0
26425,0
26426,1
26427,0
26428,1
26429,1
26430,1
26431,1
26432,0
26433,0
26434,0
26435,0
26436,0
26437,1
26438,0
26439,0
26440,0
26441,0
26442,1
26443,1
26444,0
26445,0
26446,0
26447,0
26448,0
26449,0
26450,0
26451,0
26452,0
26453,1
26454,0
26455,1
26456,0
26457,0
26458,1
26459,0
26460,0
26461,0
26462,1
26463,1
26464,0
26465,1
26466,0
26467,0
26468,1
26469,0
26470,0
26471,1
26472,0
26473,1
26474,0
26475,1
26476,0
26477,0
26478,0
26479,0
26480,1
26481,0
26482,0
26483,0
26484,0
26485,0
26486,1
26487,0
26488,0
26489,0
26490,0
26491,0
26492,0
26493,1
26494,0
26495,0
26496,0
26497,0
26498,0
26499,0
26500,0
26501,0
26502,1
26503,0
26504,1
26505,1
26506,0
26507,0
26508,1
26509,1
26510,0
26511,1
26512,0
26513,0
26514,0
26515,0
26516,0
26517,0
26518,1
26519,1
26520,1
26521,1
26522,0
26523,1
26524,1
26525,0
26526,0
26527,0
26528,0
26529,0
26530,1
26531,0
26532,0
26533,0
26534,0
26535,1
26536,0
26537,0
26538,0
26539,1
26540,0
26541,0
26542,0
26543,1
26544,0
26545,0
26546,0
26547,0
26548,0
26549,0
26550,0
26551,0
26552,1
26553,1
26554,0
26555,0
26556,0
26557,0
26558,0
26559,1
26560,0
26561,0
26562,1
26563,0
26564,0
26565,1
26566,0
26567,1
26568,0
26569,0
26570,0
26571,1
26572,0
26573,0
26574,0
26575,0
26576,0
26577,0
26578,0
26579,0
26580,0
26581,0
26582,0
26583,1
26584,0
26585,1
26586,1
26587,0
26588,1
26589,1
26590,0
26591,1
26592,0
26593,0
26594,0
26595,0
26596,0
26597,0
26598,0
26599,1
26600,1
26601,0
26602,0
26603,1
26604,1
26605,1
26606,0
26607,0
26608,0
26609,0
26610,1
26611,0
26612,0
26613,0
26614,0
26615,1
26616,0
26617,1
26618,1
26619,0
26620,0
26621,0
26622,0
26623,1
26624,0
26625,1
26626,0
26627,1
26628,1
26629,0
26630,1
26631,1
26632,0
26633,1
26634,0
26635,1
26636,0
26637,0
26638,0
26639,0
26640,0
26641,0
26642,0
26643,0
26644,0
26645,0
26646,0
26647,1
26648,0
26649,0
26650,1
26651,0
26652,0
26653,0
26654,0
26655,0
26656,0
26657,0
26658,1
26659,0
26660,0
26661,0
26662,0
26663,0
26664,0
26665,0
26666,1
26667,0
26668,1
26669,0
26670,0
26671,0
26672,0
26673,0
26674,1
26675,0
26676,1
26677,0
26678,0
26679,0
26680,1
26681,0
26682,1
26683,0
26684,0
26685,1
26686,1
26687,1
26688,1
26689,0
26690,1
26691,0
26692,0
26693,1
26694,1
26695,0
26696,0
26697,0
26698,0
26699,0
26700,1
26701,0
26702,0
26703,0
26704,0
26705,0
26706,1
26707,1
26708,0
26709,0
26710,0
26711,0
26712,0
26713,1
26714,0
26715,1
26716,0
26717,1
26718,0
26719,0
26720,0
26721,1
26722,1
26723,1
26724,0
26725,0
26726,0
26727,0
26728,1
26729,0
26730,0
26731,0
26732,0
26733,1
26734,0
26735,1
26736,0
26737,1
26738,1
26739,1
26740,0
26741,1
26742,0
26743,0
26744,0
26745,0
26746,1
26747,0
26748,0
26749,1
26750,0
26751,0
26752,0
26753,0
26754,0
26755,0
26756,0
26757,0
26758,1
26759,0
26760,0
26761,0
26762,0
26763,0
26764,0
26765,0
26766,0
26767,1
26768,0
26769,1
26770,0
26771,0
26772,1
26773,0
26774,0
26775,0
26776,0
26777,0
26778,0
26779,0
26780,0
26781,0
26782,0
26783,1
26784,0
26785,1
26786,0
26787,0
26788,0
26789,0
26790,0
26791,0
26792,1
26793,1
26794,0
26795,0
26796,0
26797,0
26798,0
26799,0
26800,0
26801,1
26802,0
26803,0
26804,1
26805,0
26806,1
26807,1
26808,1
26809,1
26810,0
26811,0
26812,0
26813,1
26814,0
26815,0
26816,1
26817,0
26818,0
26819,0
26820,0
26821,0
26822,1
26823,0
26824,0
26825,0
26826,0
26827,0
26828,1
26829,0
26830,1
26831,0
26832,1
26833,0
26834,0
26835,0
26836,0
26837,0
26838,1
26839,0
26840,0
26841,0
26842,0
26843,0
26844,0
26845,1
26846,0
26847,0
26848,0
26849,0
26850,0
26851,0
26852,0
26853,1
26854,0
26855,0
26856,0
26857,0
26858,1
26859,0
26860,0
26861,0
26862,0
26863,0
26864,0
26865,0
26866,1
26867,0
26868,0
26869,0
26870,0
26871,0
26872,0
26873,0
26874,0
26875,0
26876,0
26877,1
26878,0
26879,1
26880,0
26881,0
26882,0
26883,0
26884,0
26885,0
26886,0
26887,1
26888,1
26889,0
26890,0
26891,1
26892,1
26893,0
26894,0
26895,0
26896,0
26897,0
26898,0
26899,0
26900,1
26901,0
26902,1
26903,1
26904,0
26905,0
26906,0
26907,1
26908,0
26909,0
26910,0
26911,0
26912,1
26913,0
26914,1
26915,1
26916,0
26917,1
26918,0
26919,0
26920,0
26921,0
26922,0
26923,0
26924,0
26925,0
26926,1
26927,0
26928,1
26929,0
26930,0
26931,0
26932,1
26933,1
26934,0
26935,0
26936,0
26937,1
26938,0
26939,1
26940,0
26941,0
26942,0
26943,0
26944,0
26945,0
26946,0
26947,0
26948,1
26949,0
26950,0
26951,0
26952,0
26953,0
26954,1
26955,1
26956,0
26957,0
26958,0
26959,1
26960,0
26961,1
26962,0
26963,0
26964,0
26965,0
26966,0
26967,0
26968,0
26969,1
26970,0
26971,0
26972,1
26973,0
26974,0
26975,0
26976,0
26977,0
26978,0
26979,0
26980,0
26981,0
26982,0
26983,0
26984,1
26985,0
26986,1
26987,0
26988,0
26989,1
26990,0
26991,0
26992,1
26993,1
26994,0
26995,0
26996,0
26997,0
26998,0
26999,1
27000,0
27001,0
27002,0
27003,0
27004,0
27005,0
27006,0
27007,0
27008,0
27009,0
27010,0
27011,0
27012,0
27013,0
27014,1
27015,1
27016,0
27017,0
27018,0
27019,0
27020,0
27021,0
27022,0
27023,1
27024,0
27025,1
27026,0
27027,1
27028,0
27029,0
27030,1
27031,1
27032,0
27033,0
27034,1
27035,0
27036,0
27037,1
27038,1
27039,0
27040,0
27041,0
27042,0
27043,0
27044,0
27045,0
27046,0
27047,0
27048,1
27049,0
27050,1
27051,0
27052,0
27053,0
27054,0
27055,1
27056,1
27057,1
27058,1
27059,0
27060,0
27061,0
27062,0
27063,0
27064,1
27065,0
27066,0
27067,0
27068,0
27069,1
27070,0
27071,0
27072,1
27073,0
27074,1
27075,0
27076,0
27077,0
27078,0
27079,0
27080,0
27081,0
27082,1
27083,0
27084,0
27085,0
27086,0
27087,1
27088,0
27089,0
27090,0
27091,0
27092,0
27093,0
27094,1
27095,0
27096,1
27097,1
27098,0
27099,0
27100,0
27101,1
27102,0
27103,0
27104,0
27105,0
27106,0
27107,0
27108,1
27109,0
27110,0
27111,0
27112,0
27113,0
27114,0
27115,1
27116,1
27117,0
27118,0
27119,0
27120,0
27121,0
27122,1
27123,1
27124,0
27125,0
27126,0
27127,0
27128,0
27129,0
27130,0
27131,0
27132,0
27133,0
27134,0
27135,0
27136,0
27137,0
27138,1
27139,0
27140,0
27141,0
27142,1
27143,1
27144,1
27145,1
27146,1
27147,0
27148,1
27149,0
27150,0
27151,0
27152,0
27153,0
27154,0
27155,0
27156,0
27157,0
27158,0
27159,0
27160,0
27161,0
27162,0
27163,1
27164,0
27165,0
27166,0
27167,1
27168,1
27169,1
27170,1
27171,0
27172,0
27173,1
27174,0
27175,0
27176,0
27177,0
27178,0
27179,0
27180,0
27181,0
27182,0
27183,0
27184,1
27185,0
27186,0
27187,0
27188,0
27189,1
27190,1
27191,0
27192,1
27193,0
27194,0
27195,0
27196,0
27197,1
27198,0
27199,1
27200,1
27201,1
27202,1
27203,0
27204,0
27205,1
27206,1
27207,0
27208,1
27209,0
27210,1
27211,0
27212,0
27213,1
27214,0
27215,0
27216,0
27217,1
27218,1
27219,0
27220,0
27221,0
27222,0
27223,0
27224,0
27225,0
27226,0
27227,0
27228,0
27229,0
27230,1
27231,0
27232,0
27233,1
27234,0
27235,1
27236,0
27237,1
27238,0
27239,0
27240,1
27241,0
27242,0
27243,0
27244,0
27245,0
27246,0
27247,0
27248,0
27249,1
27250,1
27251,0
27252,0
27253,0
27254,0
27255,0
27256,0
27257,0
27258,0
27259,1
27260,0
27261,1
27262,1
27263,0
27264,0
27265,0
27266,1
27267,0
27268,0
27269,0
27270,1
27271,0
27272,1
27273,0
27274,0
27275,1
27276,0
27277,0
27278,1
27279,0
27280,0
27281,0
27282,0
27283,1
27284,1
27285,0
27286,0
27287,1
27288,1
27289,0
27290,0
27291,1
27292,0
27293,1
27294,0
27295,0
27296,0
27297,1
27298,0
27299,1
27300,1
27301,0
27302,0
27303,0
27304,1
27305,0
27306,0
27307,0
27308,0
27309,0
27310,1
27311,0
27312,0
27313,0
27314,1
27315,0
27316,1
27317,0
27318,0
27319,0
27320,0
27321,0
27322,0
27323,0
27324,0
27325,0
27326,0
27327,0
27328,0
27329,0
27330,0
27331,1
27332,1
27333,1
27334,0
27335,0
27336,0
27337,0
27338,0
27339,0
27340,1
27341,0
27342,0
27343,0
27344,0
27345,0
27346,0
27347,1
27348,0
27349,0
27350,0
27351,1
27352,1
27353,0
27354,0
27355,1
27356,1
27357,0
27358,0
27359,1
27360,0
27361,0
27362,1
27363,0
27364,1
27365,1
27366,0
27367,1
27368,0
27369,0
27370,0
27371,0
27372,0
27373,0
27374,0
27375,0
27376,0
27377,0
27378,0
27379,0
27380,0
27381,1
27382,0
27383,0
27384,0
27385,0
27386,0
27387,0
27388,0
27389,0
27390,0
27391,0
27392,0
27393,1
27394,0
27395,0
27396,0
27397,1
27398,0
27399,1
27400,0
27401,0
27402,0
27403,1
27404,0
27405,1
27406,0
27407,0
27408,0
27409,0
27410,0
27411,1
27412,0
27413,1
27414,0
27415,1
27416,1
27417,0
27418,1
27419,0
27420,0
27421,0
27422,0
27423,0
27424,0
27425,0
27426,0
27427,1
27428,0
27429,0
27430,0
27431,0
27432,1
27433,0
27434,1
27435,0
27436,1
27437,0
27438,1
27439,0
27440,0
27441,0
27442,0
27443,0
27444,0
27445,0
27446,1
27447,1
27448,0
27449,0
27450,0
27451,1
27452,0
27453,1
27454,1
27455,0
27456,0
27457,1
27458,1
27459,0
27460,0
27461,0
27462,0
27463,0
27464,1
27465,0
27466,1
27467,0
27468,1
27469,0
27470,0
27471,1
27472,0
27473,1
27474,0
27475,0
27476,0
27477,0
27478,0
27479,0
27480,0
27481,0
27482,1
27483,0
27484,0
27485,1
27486,0
27487,0
27488,1
27489,0
27490,0
27491,0
27492,1
27493,0
27494,0
27495,0
27496,0
27497,0
27498,0
27499,1
27500,1
27501,0
27502,1
27503,0
27504,0
27505,0
27506,1
27507,0
27508,1
27509,0
27510,0
27511,0
27512,1
27513,0
27514,0
27515,1
27516,0
27517,0
27518,1
27519,0
27520,1
27521,0
27522,0
27523,0
27524,0
27525,1
27526,1
27527,0
27528,0
27529,0
27530,0
27531,1
27532,0
27533,1
27534,1
27535,1
27536,1
27537,1
27538,0
27539,0
27540,0
27541,1
27542,1
27543,1
27544,0
27545,0
27546,1
27547,1
27548,1
27549,0
27550,0
27551,1
27552,0
27553,0
27554,0
27555,0
27556,0
27557,0
27558,0
27559,0
27560,0
27561,0
27562,0
27563,0
27564,1
27565,1
27566,0
27567,0
27568,1
27569,0
27570,1
27571,0
27572,0
27573,1
27574,1
27575,1
27576,0
27577,1
27578,0
27579,0
27580,0
27581,0
27582,0
27583,0
27584,1
27585,0
27586,1
27587,0
27588,0
27589,1
27590,0
27591,1
27592,0
27593,0
27594,0
27595,1
27596,0
27597,1
27598,1
27599,0
27600,0
27601,1
27602,0
27603,0
27604,0
27605,0
27606,0
27607,0
27608,0
27609,0
27610,1
27611,0
27612,1
27613,0
27614,0
27615,0
27616,0
27617,0
27618,0
27619,0
27620,1
27621,1
27622,0
27623,0
27624,0
27625,0
27626,0
27627,1
27628,0
27629,1
27630,1
27631,0
27632,0
27633,0
27634,0
27635,0
27636,0
27637,0
27638,0
27639,0
27640,0
27641,1
27642,1
27643,0
27644,1
27645,0
27646,0
27647,0
27648,0
27649,0
27650,1
27651,1
27652,0
27653,0
27654,1
27655,0
27656,1
27657,1
27658,0
27659,0
27660,0
27661,0
27662,0
27663,0
27664,0
27665,0
27666,1
27667,1
27668,1
27669,0
27670,0
27671,0
27672,0
27673,0
27674,0
27675,0
27676,0
27677,1
27678,1
27679,0
27680,1
27681,1
27682,0
27683,0
27684,0
27685,0
27686,0
27687,1
27688,0
27689,0
27690,0
27691,0
27692,1
27693,1
27694,0
27695,1
27696,0
27697,0
27698,0
27699,0
27700,0
27701,0
27702,1
27703,0
27704,0
27705,0
27706,1
27707,1
27708,1
27709,1
27710,0
27711,0
27712,0
27713,0
27714,0
27715,0
27716,0
27717,0
27718,0
27719,0
27720,0
27721,1
27722,0
27723,0
27724,0
27725,1
27726,0
27727,0
27728,0
27729,0
27730,1
27731,0
27732,0
27733,1
27734,0
27735,0
27736,0
27737,0
27738,0
27739,0
27740,1
27741,0
27742,0
27743,0
27744,1
27745,0
27746,0
27747,0
27748,0
27749,0
27750,0
27751,0
27752,1
27753,1
27754,0
27755,1
27756,0
27757,0
27758,0
27759,1
27760,1
27761,0
27762,0
27763,1
27764,0
27765,0
27766,1
27767,0
27768,1
27769,0
27770,0
27771,0
27772,1
27773,0
27774,0
27775,0
27776,1
27777,0
27778,0
27779,0
27780,0
27781,0
27782,1
27783,0
27784,0
27785,1
27786,0
27787,1
27788,0
27789,0
27790,0
27791,0
27792,0
27793,1
27794,0
27795,0
27796,0
27797,0
27798,1
27799,0
27800,0
27801,0
27802,0
27803,0
27804,0
27805,0
27806,0
27807,0
27808,0
27809,0
27810,0
27811,0
27812,1
27813,0
27814,0
27815,0
27816,0
27817,0
27818,0
27819,0
27820,0
27821,0
27822,0
27823,0
27824,0
27825,0
27826,1
27827,0
27828,0
27829,0
27830,0
27831,0
27832,0
27833,0
27834,0
27835,0
27836,0
27837,0
27838,0
27839,0
27840,0
27841,0
27842,0
27843,0
27844,1
27845,1
27846,1
27847,0
27848,0
27849,0
27850,0
27851,0
27852,0
27853,1
27854,0
27855,0
27856,1
27857,0
27858,1
27859,0
27860,0
27861,1
27862,1
27863,1
27864,0
27865,0
27866,1
27867,0
27868,0
27869,1
27870,0
27871,0
27872,0
27873,0
27874,1
27875,0
27876,0
27877,0
27878,0
27879,0
27880,0
27881,0
27882,0
27883,1
27884,0
27885,1
27886,0
27887,1
27888,0
27889,0
27890,1
27891,0
27892,0
27893,0
27894,0
27895,1
27896,1
27897,1
27898,1
27899,0
27900,1
27901,0
27902,0
27903,1
27904,0
27905,0
27906,0
27907,0
27908,0
27909,0
27910,1
27911,1
27912,0
27913,0
27914,0
27915,1
27916,0
27917,0
27918,0
27919,0
27920,1
27921,0
27922,0
27923,0
27924,1
27925,1
27926,0
27927,0
27928,1
27929,0
27930,0
27931,1
27932,1
27933,0
27934,0
27935,0
27936,1
27937,0
27938,0
27939,0
27940,0
27941,0
27942,1
27943,0
27944,0
27945,1
27946,1
27947,1
27948,0
27949,0
27950,1
27951,0
27952,0
27953,1
27954,0
27955,0
27956,0
27957,0
27958,0
27959,1
27960,0
27961,0
27962,1
27963,0
27964,1
27965,0
27966,1
27967,1
27968,0
27969,0
27970,0
27971,0
27972,0
27973,0
27974,0
27975,0
27976,0
27977,0
27978,0
27979,1
27980,0
27981,0
27982,0
27983,1
27984,0
27985,0
27986,0
27987,0
27988,1
27989,0
27990,0
27991,0
27992,0
27993,0
27994,1
27995,0
27996,1
27997,1
27998,0
27999,0
28000,0
28001,1
28002,0
28003,0
28004,0
28005,0
28006,1
28007,0
28008,0
28009,0
28010,0
28011,1
28012,0
28013,0
28014,0
28015,0
28016,1
28017,0
28018,0
28019,0
28020,0
28021,0
28022,0
28023,1
28024,1
28025,0
28026,1
28027,0
28028,0
28029,1
28030,0
28031,1
28032,1
28033,1
28034,0
28035,0
28036,0
28037,1
28038,0
28039,1
28040,0
28041,0
28042,0
28043,0
28044,0
28045,0
28046,0
28047,0
28048,0
28049,0
28050,0
28051,1
28052,1
28053,1
28054,0
28055,0
28056,0
28057,0
28058,1
28059,0
28060,0
28061,0
28062,0
28063,1
28064,0
28065,1
28066,1
28067,0
28068,0
28069,0
28070,0
28071,0
28072,1
28073,0
28074,1
28075,0
28076,0
28077,0
28078,0
28079,0
28080,1
28081,0
28082,0
28083,0
28084,0
28085,1
28086,0
28087,0
28088,0
28089,0
28090,0
28091,0
28092,1
28093,1
28094,0
28095,1
28096,1
28097,0
28098,0
28099,0
28100,0
28101,0
28102,0
28103,0
28104,0
28105,0
28106,0
28107,1
28108,1
28109,0
28110,0
28111,0
28112,0
28113,0
28114,1
28115,0
28116,0
28117,1
28118,1
28119,0
28120,1
28121,0
28122,0
28123,0
28124,0
28125,0
28126,1
28127,0
28128,0
28129,0
28130,0
28131,0
28132,0
28133,1
28134,0
28135,0
28136,0
28137,0
28138,0
28139,1
28140,0
28141,0
28142,0
28143,0
28144,0
28145,0
28146,0
28147,0
28148,1
28149,0
28150,0
28151,0
28152,0
28153,1
28154,1
28155,1
28156,0
28157,0
28158,0
28159,1
28160,0
28161,1
28162,1
28163,0
28164,1
28165,1
28166,1
28167,0
28168,0
28169,0
28170,0
28171,0
28172,1
28173,0
28174,0
28175,0
28176,0
28177,1
28178,0
28179,1
28180,1
28181,0
28182,1
28183,0
28184,1
28185,0
28186,1
28187,0
28188,0
28189,0
28190,0
28191,1
28192,0
28193,1
28194,0
28195,0
28196,0
28197,0
28198,0
28199,1
28200,1
28201,1
28202,0
28203,0
28204,0
28205,0
28206,1
28207,0
28208,0
28209,0
28210,0
28211,0
28212,0
28213,0
28214,0
28215,1
28216,0
28217,0
28218,0
28219,0
28220,0
28221,0
28222,0
28223,0
28224,1
28225,0
28226,1
28227,1
28228,1
28229,0
28230,0
28231,0
28232,0
28233,1
28234,1
28235,0
28236,0
28237,0
28238,0
28239,0
28240,1
28241,0
28242,0
28243,0
28244,1
28245,1
28246,1
28247,0
28248,0
28249,0
28250,0
28251,0
28252,0
28253,1
28254,0
28255,1
28256,1
28257,0
28258,0
28259,0
28260,0
28261,0
28262,0
28263,0
28264,1
28265,1
28266,0
28267,0
28268,0
28269,0
28270,0
28271,1
28272,1
28273,0
28274,0
28275,0
28276,1
28277,1
28278,1
28279,0
28280,1
28281,0
28282,0
28283,1
28284,1
28285,0
28286,0
28287,0
28288,0
28289,0
28290,0
28291,1
28292,0
28293,0
28294,0
28295,0
28296,0
28297,1
28298,0
28299,1
28300,0
28301,1
28302,0
28303,0
28304,0
28305,0
28306,0
28307,0
28308,0
28309,1
28310,0
28311,0
28312,0
28313,1
28314,0
28315,1
28316,0
28317,0
28318,0
28319,0
28320,0
28321,1
28322,1
28323,0
28324,0
28325,1
28326,0
28327,0
28328,1
28329,0
28330,0
28331,1
28332,0
28333,0
28334,0
28335,0
28336,0
28337,1
28338,1
28339,0
28340,0
28341,0
28342,0
28343,0
28344,0
28345,0
28346,0
28347,0
28348,1
28349,1
28350,1
28351,0
28352,0
28353,0
28354,0
28355,0
28356,0
28357,0
28358,0
28359,0
28360,0
28361,0
28362,0
28363,0
28364,0
28365,0
28366,1
28367,0
28368,1
28369,1
28370,0
28371,0
28372,0
28373,0
28374,0
28375,0
28376,0
28377,0
28378,1
28379,0
28380,0
28381,0
28382,0
28383,0
28384,0
28385,0
28386,0
28387,0
28388,1
28389,0
28390,0
28391,0
28392,0
28393,0
28394,0
28395,1
28396,0
28397,0
28398,0
28399,1
28400,0
28401,0
28402,0
28403,0
28404,0
28405,0
28406,0
28407,1
28408,0
28409,0
28410,0
28411,0
28412,0
28413,1
28414,1
28415,1
28416,0
28417,1
28418,0
28419,0
28420,0
28421,0
28422,0
28423,0
28424,0
28425,0
28426,0
28427,0
28428,0
28429,1
28430,0
28431,0
28432,0
28433,0
28434,1
28435,0
28436,1
28437,0
28438,0
28439,1
28440,1
28441,0
28442,0
28443,0
28444,0
28445,0
28446,1
28447,0
28448,0
28449,0
28450,1
28451,0
28452,0
28453,0
28454,0
28455,0
28456,1
28457,1
28458,0
28459,0
28460,1
28461,1
28462,0
28463,0
28464,0
28465,0
28466,0
28467,0
28468,0
28469,0
28470,1
28471,0
28472,0
28473,1
28474,1
28475,0
28476,1
28477,0
28478,0
28479,0
28480,1
28481,1
28482,0
28483,0
28484,1
28485,0
28486,0
28487,0
28488,0
28489,1
28490,0
28491,0
28492,0
28493,0
28494,0
28495,0
28496,1
28497,0
28498,0
28499,1
28500,0
28501,0
28502,0
28503,0
28504,0
28505,0
28506,0
28507,0
28508,0
28509,0
28510,0
28511,0
28512,1
28513,1
28514,1
28515,0
28516,0
28517,0
28518,0
28519,1
28520,0
28521,0
28522,0
28523,0
28524,0
28525,0
28526,0
28527,0
28528,1
28529,0
28530,1
28531,1
28532,0
28533,1
28534,1
28535,0
28536,0
28537,0
28538,0
28539,0
28540,0
28541,1
28542,0
28543,0
28544,1
28545,0
28546,0
28547,0
28548,0
28549,0
28550,1
28551,0
28552,0
28553,0
28554,1
28555,0
28556,1
28557,0
28558,0
28559,1
28560,1
28561,0
28562,0
28563,0
28564,1
28565,1
28566,1
28567,1
28568,0
28569,1
28570,1
28571,0
28572,0
28573,0
28574,1
28575,1
28576,1
28577,1
28578,0
28579,0
28580,1
28581,0
28582,0
28583,1
28584,0
28585,1
28586,0
28587,1
28588,0
28589,1
28590,0
28591,1
28592,0
28593,0
28594,0
28595,0
28596,0
28597,0
28598,0
28599,0
28600,1
28601,1
28602,0
28603,0
